concept,group,pattern,case_sensitive,note
CVA,Cash & markets,cash transfers?,0,
CVA,Cash & markets,cash assistance,0,
CVA,Cash & markets,cash[- ]based,0,
CVA,Cash & markets,cash and vouchers?,0,
CVA,Cash & markets,\bCVA\b,1,
CVA,Cash & markets,\bCBI\b,1,
CVA,Cash & markets,\bCTP\b,1,
CVA,Cash & markets,e[- ]?vouchers?,0,
CVA,Cash & markets,\bvouchers?\b,0,
CVA,Cash & markets,cash[- ]for[- ]work,0,
CVA,Cash & markets,(un)?conditional cash,0,
CVA,Cash & markets,cash programm,0,
CVA,Cash & markets,cash grants?,0,
MPCA,Cash & markets,multi[- ]?purpose cash,0,
MPCA,Cash & markets,\bMPCA?\b,1,
Market-based programming,Cash & markets,market[- ]based programm,0,
Market-based programming,Cash & markets,market systems,0,
Market-based programming,Cash & markets,market analysis,0,
Market-based programming,Cash & markets,\bP?MSD\b,1,
Market-based programming,Cash & markets,\bEMMA\b,1,
Digital payments,Cash & markets,digital payments?,0,
Digital payments,Cash & markets,mobile money,0,
Digital payments,Cash & markets,(e|mobile|digital)[- ]?wallets?,0,
Digital payments,Cash & markets,m[- ]?pesa,0,
Digital payments,Cash & markets,e[- ]?payments?,0,
Digital payments,Cash & markets,electronic (cash|payments?|transfers?),0,
Digital payments,Cash & markets,digital cash,0,
Digital payments,Cash & markets,prepaid cards?,0,
Digital payments,Cash & markets,(financial|payment) service providers?,0,
Financial inclusion,Cash & markets,financial inclusion,0,
Financial inclusion,Cash & markets,financial (literacy|capability),0,
Financial inclusion,Cash & markets,savings groups?,0,
Financial inclusion,Cash & markets,\bV?SLAs?\b,1,
Financial inclusion,Cash & markets,village savings,0,
Social protection,Policy & approach,social protection,0,
Social protection,Policy & approach,safety nets?,0,
Social protection,Policy & approach,shock[- ]responsive,0,
Social protection,Policy & approach,social assistance,0,
Social protection,Policy & approach,social registr,0,
Anticipatory action,Policy & approach,anticipatory (action|humanitarian|cash|approach),0,
Anticipatory action,Policy & approach,forecast[- ]based (financ|action),0,
Anticipatory action,Policy & approach,\bFbF\b,1,
Anticipatory action,Policy & approach,early action protocols?,0,
Anticipatory action,Policy & approach,early warning,0,"broad - check"
Risk financing,Policy & approach,(disaster|crisis|climate) risk financ,0,
Risk financing,Policy & approach,parametric insurance,0,
Risk financing,Policy & approach,risk pool,0,
Localisation,Policy & approach,locali[sz]ation,0,"may catch software/translation localisation"
Localisation,Policy & approach,locally[- ]led,0,
Localisation,Policy & approach,grand bargain,0,
Nexus,Policy & approach,(triple|hdp|humanitarian[- ]development[- ]peace) nexus,0,
Nexus,Policy & approach,\bnexus\b,0,
Climate,Policy & approach,climate (change|adaptation|resilien|finance|action|smart|risk),0,
Climate,Policy & approach,climate[- ]smart,0,
AAP,Policy & approach,accountability to affected,0,
AAP,Policy & approach,\bAAP\b,1,
AAP,Policy & approach,community engagement,0,
AAP,Policy & approach,(complaints?|feedback) (and|&) (response|feedback) mechanism,0,
AAP,Policy & approach,\bCFR?M\b,1,
Safeguarding & PSEA,Policy & approach,safeguarding,0,
Safeguarding & PSEA,Policy & approach,\bPSEAH?\b,1,
Safeguarding & PSEA,Policy & approach,sexual exploitation and abuse,0,
Biometrics,Digital & data,biometric,0,
Biometrics,Digital & data,fingerprint,0,
Biometrics,Digital & data,iris (scan|recognition|biometric),0,
Biometrics,Digital & data,(facial|face) recognition,0,
Biometrics,Digital & data,voice (id|recognition|biometric|authentication),0,
Biometrics,Digital & data,palm[- ]vein,0,
Biometrics,Digital & data,\b(PRIMES|BIMS)\b,1,
Digital identity,Digital & data,digital (identit|id\b),0,
Digital identity,Digital & data,identity management,0,
Digital identity,Digital & data,legal identity,0,
Digital identity,Digital & data,\bID4D\b,1,
Digital identity,Digital & data,\be[- ]?ID\b,1,
Data protection,Digital & data,data protection,0,
Data protection,Digital & data,data (privacy|responsibility),0,
Data protection,Digital & data,\bGDPR\b,1,
Data protection,Digital & data,\bDPIA\b,1,
Data protection,Digital & data,data sharing agreement,0,
Data protection,Digital & data,personal data,0,
Interoperability,Digital & data,interoperab,0,
Interoperability,Digital & data,de[- ]?duplicat,0,
Interoperability,Digital & data,data sharing,0,
AI & machine learning,Digital & data,artificial intelligence,0,
AI & machine learning,Digital & data,machine learning,0,
AI & machine learning,Digital & data,\b(Gen)?AI\b,1,
AI & machine learning,Digital & data,generative ai,0,
AI & machine learning,Digital & data,large language models?,0,
AI & machine learning,Digital & data,\bLLMs?\b,1,
AI & machine learning,Digital & data,natural language processing,0,
Blockchain & crypto,Digital & data,blockchain,0,
Blockchain & crypto,Digital & data,distributed ledger,0,
Blockchain & crypto,Digital & data,cryptocurrenc,0,
Blockchain & crypto,Digital & data,crypto[- ]?assets?,0,
Blockchain & crypto,Digital & data,stablecoin,0,
Blockchain & crypto,Digital & data,smart contracts?,0,
Data analytics,Digital & data,power ?bi\b,0,
Data analytics,Digital & data,tableau,0,
Data analytics,Digital & data,data scien,0,
Data analytics,Digital & data,data visuali[sz]ation,0,
Data analytics,Digital & data,data analy(st|tics),0,
GIS & remote sensing,Digital & data,\bGIS\b,1,
GIS & remote sensing,Digital & data,geospatial,0,
GIS & remote sensing,Digital & data,remote sensing,0,
Cybersecurity,Digital & data,cyber[- ]?security,0,
Cybersecurity,Digital & data,information security,0,
