org_id,org_name,class,reason
2007,Oxfam,International NGO,Global confederation; ReliefWeb lists Kenya because the Oxfam International secretariat is in Nairobi
460,ActionAid,International NGO,Global federation; ReliefWeb lists South Africa because the international secretariat is in Johannesburg
921,ECPAT International,International NGO,Secretariat of an international network based in Bangkok
32841,SEED Madagascar,International NGO,UK-registered charity working in Madagascar
12707,HIAS Refugee Trust of Kenya,International NGO,Country office of HIAS (United States)
917,Education Development Center,International NGO,US organisation; ReliefWeb lists Kenya
12281,Islamic Relief Kenya,International NGO,Country office of Islamic Relief Worldwide (United Kingdom)
673,Danish Committee for Aid to Afghan Refugees,International NGO,Danish NGO working in Afghanistan
40638,UCSF Global Programs for Research & Training,International NGO,Affiliate of the University of California San Francisco
3348,Last Mile Health,International NGO,US-registered organisation working in Liberia and other countries
1517,Caritas,International NGO,Caritas Internationalis; home listed as the Holy See
2956,International Potato Center,International NGO,CGIAR international research centre typed as an NGO by ReliefWeb
9026,International Maize and Wheat Improvement,International NGO,CGIAR international research centre typed as an NGO by ReliefWeb
3425,International Livestock Research Institute,International NGO,CGIAR international research centre typed as an NGO by ReliefWeb
45664,European Union Capacity Building Mission in Somalia,International NGO,EU civilian mission typed as an NGO by ReliefWeb; not a local organisation
336,Asian Forum for Human Rights and Development,Regional NGO (global South base),Regional network (FORUM-ASIA) based in Bangkok
15231,The Center for People and Forests (RECOFTC),Regional NGO (global South base),Regional organisation working across Asia-Pacific
