sample_hits,regex,example,topics_affected,found_by
45,"(?:(?:public |primary )?health(?: care)?|nutrition|santé|salud|nutrici[óo]n|wash|water,? sanitation,? (?:and|&) hygiene(?: \(wash\))?|eau,? hygi[èe]ne et assainissement|education|[ée]ducation|educaci[óo]n|shelter(?: and (?:nfis?|non-food items)(?: activities)?)?|abris|protection|protecci[óo]n|livelihoods?|moyens d.existence|food security(?: and livelihoods)?|s[ée]curit[ée] alimentaire(?: et moyens d.existence)?|seguridad alimentaria|camp coordination and camp management(?: \(cccm\))?|cccm|nfis?|non-food items|(?:humanitarian )?mine action(?: \(hma\))?|cash(?: transfer programmes)?|multi-purpose cash assistance|early recovery|economic (?:recovery|opportunity)|disaster risk reduction|agriculture|legal assistance|information management and mapping|emergency response|governance|gender|(?:health|wash|nutrition|education|protection|cccm|shelter|livelihoods?) (?:sectors?|clusters?))(?:(?:\s*(?:,|;|/|&|\band\b|\bet\b|\by\b|\bas well as\b|\bincluding\b)\s*)+(?:(?:public |primary )?health(?: care)?|nutrition|santé|salud|nutrici[óo]n|wash|water,? sanitation,? (?:and|&) hygiene(?: \(wash\))?|eau,? hygi[èe]ne et assainissement|education|[ée]ducation|educaci[óo]n|shelter(?: and (?:nfis?|non-food items)(?: activities)?)?|abris|protection|protecci[óo]n|livelihoods?|moyens d.existence|food security(?: and livelihoods)?|s[ée]curit[ée] alimentaire(?: et moyens d.existence)?|seguridad alimentaria|camp coordination and camp management(?: \(cccm\))?|cccm|nfis?|non-food items|(?:humanitarian )?mine action(?: \(hma\))?|cash(?: transfer programmes)?|multi-purpose cash assistance|early recovery|economic (?:recovery|opportunity)|disaster risk reduction|agriculture|legal assistance|information management and mapping|emergency response|governance|gender|(?:health|wash|nutrition|education|protection|cccm|shelter|livelihoods?) (?:sectors?|clusters?))){2,}","deliver programming in Health & Nutrition, WASH, Education, and Livelihoods (RI); 'Camp Coordination and Camp Management, Protection, Livelihoods, ... WASH, Shelter and Mine Action' (DRC)",Health; Nutrition; WASH; Education; Shelter & NFI; Protection (general); Livelihoods; Food security; CCCM; Mine action; Agriculture & livestock; Early recovery & reconstruction,sectors
11,"[^.]{0,80}\b(commitment|committed|dedication) to[^.]{0,40}(diversity|anti-?racis|equity)[^.]{0,80}|[^.]{0,40}we (value|are committed to ensuring) diversity, equity[^.]{0,150}","Commitment to diversity, equity, and inclusion. / We are committed to ensuring diversity, equity, inclusion and representation within our organization",DEI & decolonisation,crosscutting
8,"\b(our|its|[A-Z]+['’]s|main|principal|key) (key |main |major |principal )?donors (in [A-Z][a-z]+ )?(include|are)( presently)?[^.]{0,250}\.","ACTED's donors in Yemen are presently USAID/OFDA, ECHO, the European Commission, WFP, OCHA and UNICEF.",ECHO; USAID BHA / OFDA / FFP; EU development funding; FCDO / DFID; World Bank & MDBs; Pooled funds; Other bilateral donors,donors
6,(taking care of|protection of) your personal data[^.]*|[^.]*(how we (use|process|collect)|we use and protect) [^.]*personal data[^.]*|[^.]*recruiting data privacy notice[^.]*|[^.]*applicant ?privacy[^.]*|personal data (provided|submitted) by (candidates|applicants)[^.]*|in accordance with the \d{4} data protection act[^.]*|personal data:?\W*[^.]*data controller[^.]*,"Chemonics values the protection of your personal data. If you are in the European Union, please read our EU Recruiting Data Privacy Notice",Data protection,digital
6,[^.]*(FBI fingerprints?|fingerprint clearance card)[^.]*,Must be cleared and approved by Office of Refugee Resettlement and background check including FBI fingerprints and Child Abuse and Neglect checks,Biometrics,digital
6,"Effective Locali[sz]ation for Resilience, Climate Services, Resilient Planning and Implementation, Preparedness and Anticipatory Action[^.]{0,400}|ADPC (aims at supporting governments|employs a wide range of professional expertise)[^.]*\.","ADPC: '...Effective Localization for Resilience, Climate Services, ... Preparedness and Anticipatory Action, Nature based Solutions, Financing for Resilience, ... Disaster Risk Finance Insurance, ... Urban & Infrastructure Resilience...'",Anticipatory action; Risk financing & insurance; Disaster risk reduction; Localisation; Resilience; Urban response; Climate,policy
6,"[^.]{0,200}\b(regardless|irrespective) of[^.]{0,200}|[^.]{0,120}without regard to (race|colou?r|age|gender|sex|religion)[^.]{0,200}|[^.]{0,120}no matter your (race|gender|age)[^.]{0,200}|[^.]{0,200}\bdoes not discriminate[^.]{0,250}","encourages all qualified applicants, regardless of gender, disability, sexual orientation, cultural or religious backgrounds, to apply",Disability inclusion; Gender; LGBTQI+; Older people,crosscutting
6,"(?:degree|diploma|qualification|bachelor.?s?|master.?s?|phd|formation (?:sup[ée]rieure|universitaria)|dipl[ôo]me|field\(s\) of education)\b[^.;\n]{0,25}\b(?:in|en|of|:)\b[^.;\n]{0,160}","Third level qualification in Development Studies, Agriculture, Business Administration, Education, Engineering or other related discipline",Education; Agriculture & livestock; Health; Nutrition,sectors
6,"(dedicated to saving lives, protecting rights,? and building a better future for|mandate is to safeguard the rights and well-being of|mandate to assist persons in need of international protection|sauvegarder les droits et le bien-être des)[^.]{0,160}","UNHCR ... is a global organization dedicated to saving lives, protecting rights and building a better future for refugees, forcibly displaced communities, and stateless people",Statelessness; Refugees; IDPs,populations_watch
5,\blocali[sz]a(tion|ción)( du poste| de la mission| del puesto)?[ *]*:|\blocalisation du poste,**Localisation :** Clichy La Garenne / LOCALISATION DU POSTE. Basé en France,Localisation,policy
5,"[^.]{0,200}\b(applications|candidates|applicants)[^.]{0,60}(are |is )?(particularly |strongly |especially )?(encouraged|welcome)[^.]{0,200}|[^.]{0,60}\b(particularly |strongly )?encourag\w* (qualified |all )?[^.]{0,80}(applicants|candidates|applications)[^.]{0,200}","Applications are particularly encouraged from women, people living with disability and people openly living with HIV",Disability inclusion; LGBTQI+; Gender,crosscutting
5,"[^.]{0,200}\b(sign|accept|abide by|adhere to|comply with)[^.]{0,80}(safeguarding|child protection|code of conduct)[^.]{0,30}polic(y|ies)[^.]{0,120}|[^.]{0,100}(police check|working with children check|background checks?)[^.]{0,200}",All employees are required to undergo a National Police Check ... and sign our Child Safeguarding Policy and Code of Conduct,Safeguarding & PSEA; Child protection,crosscutting
5,"with funding from [^.]{0,200}(as well as|and) other (private )?(donations|donors)[^.]*\.","We implement programs in ... Karamoja ... with funding from USAID, USDA, Walmart Foundation, SDC, DFID as well as other private donations.",USAID; FCDO / DFID; Other bilateral donors,donors
4,"(principles? of|concept of|adherence to|principles such as)[^.]{0,80}do[- ]no[- ]harm|do[- ]no[- ]harm (principles?|approach)","in concordance with SPHERE standards, Integral Human Development framework and Do No Harm principles",Conflict sensitivity,policy
4,"\b(this is an |an |this )?unaccompanied (post|position|posting|role|duty station|assignment|[0-9]+[- ]month)\w*|job status:[^.]{0,30}unaccompanied","This is an unaccompanied post, and benefits only apply to the post-holder",Child protection,crosscutting
3,PIN has implemented programs in various sectors such as[^.]*\.,"PIN has implemented programs in various sectors such as health care, WASH, disaster risk reduction, green energy, urban resilience, vocational training and livelihood development.",Disaster risk reduction; Resilience; Urban response; Energy,policy
3,environnement (Windows|O365|Office|informatique|international)|ma[iî]tris\w* (de )?l.environnement,"maîtrisez l'environnement Windows / environnement O365 (Teams, SharePoint)",Environmental sustainability,policy
3,"(report matters involving|comply with [^.]{0,40}policies on|actively pre ?vent harassment, abuse, exploitation,? and)[^.]{0,120}(human trafficking|trafficking in persons)","workers must comply with the IRC's policies on Beneficiary Protection from Exploitation and Abuse, Child Safeguarding, Harassment-Free Workplaces, Fraud, Human Trafficking, and Transparency",Trafficking,populations_watch
2,(work in the hq in the departments of|dans les départements)[^.]*audit[^.]*\.,"almost fifty people work in the HQ in the departments of Finance, Logistics, Security, Human Resources, Project Development, Audit, Hub and Communication",Audit & risk management; Security management,cash_functions
2,[^.]*basic understanding of cyber ?security principles[^.]*,Ensures adherence to safety and security protocols including a basic understanding of cyber security principles (ABA ROLI country representative ads),Cybersecurity,digital
2,expertises? transversales?[^.]*ICT4D[^.]*,"Tdh: ses expertises transversales : protection de l'enfance, WASH, ICT4D",Digital transformation,digital
2,frontier technologies \(like[^)]*\)|emerging technologies that hold significant potential[^.]*,"UNICEF Office of Innovation: frontier technologies (like drones and UAVs, blockchain, ...)",Blockchain & crypto; GIS & remote sensing; AI & machine learning,digital
2,end-to-end supply chain management\. shock[- ]responsive social protection\. food systems strengthening\. and climate risk financing,WFP: '...vulnerability analysis and mapping. end-to-end supply chain management. shock-responsive social protection. food systems strengthening. and climate risk financing.',Risk financing & insurance; Social protection; Climate,policy
2,"partners with communities affected by conflict, climate change,? and disasters to save lives and build lasting resilience","Relief International (RI) partners with communities affected by conflict, climate change, and disasters to save lives and build lasting resilience.",Climate; Resilience,policy
2,"\bresilient(,| and) (adaptable|flexible)|(adaptable|flexible),? (and )?resilient|you are a resilient","You are a resilient, adaptable and positive team player / Works and lives with a flexible, adaptable and resilient manner",Resilience,policy
2,"(problem[- ]solving|interpersonal|negotiation|communication|mediation)( skills)?,? (and )?conflict resolution|conflict resolution (skills|amongst|among)","Excellent skills in problem solving and conflict resolution, crisis management",Peacebuilding & social cohesion,policy
2,promeut et met en place des solutions durables aux probl[eè]mes rencontr[ée]s par les r[ée]fugi[ée]s|We also work to find durable solutions for refugees,DRC ... promeut et met en place des solutions durables aux problèmes rencontrés par les réfugiés et les personnes déplacées,Durable solutions,policy
2,"(applications?|applicants|candidates)[^.]{0,30}(particularly |especially |strongly )?(encouraged|welcome[d]?) (from|to apply)[^.]{0,200}","Applications are particularly encouraged from women, people living with disability and people openly living with HIV","HIV, TB & malaria",sectors
2,"(projects|programmes|programs) funded by [^.]{0,120}and other donors and clients","RTI is improving education quality ... through implementation of projects funded by USAID, DFID, Australian Aid and other donors and clients",USAID; FCDO / DFID,donors
2,"global strategic priorities,? such as AGDM, IDP, Statelessness,? and HIV/AIDS","Ability to understand and implement UNHCR's policy and global strategic priorities, such as AGDM, IDP, Statelessness, and HIV/AIDS",Statelessness; IDPs,populations_watch
1,security recommendations from the un department of safety and security \(undss\) must be followed[^.]*\.,Security recommendations from the UN Department of Safety and Security (UNDSS) must be followed by all UN Staff,Security management,cash_functions
1,security risk level\W+[a-z ]+\(\d/\d\)\.?,**Security Risk Level**. Very risky (4/4).,Security management,cash_functions
1,"small businesses, minority[- ]owned firms,? and women.s business enterprises are encouraged to apply\.?","Small businesses, minority-owned firms, and women's business enterprises are encouraged to apply.",Value chains & enterprise,cash_functions
1,"(adherence|compliance) (to|with) [^.]{0,80}fraud (and [a-z]+ )?polic(y|ies)",Ensuring strict adherence to Concern Niger Financial Procedures and Fraud Policy,Compliance & anti-fraud,cash_functions
1,in line with the security management plan \(smp\),ensure the safety and security of staff ... in line with the Security Management plan (SMP) and Safety First guidelines,Security management,cash_functions
1,responsible for determining their tax liabilities and for the payment of any taxes[^.]*,Consultants and individual contractors are responsible for determining their tax liabilities and for the payment of any taxes and/or duties,Digital payments,cash_functions
1,the responsibility of unicef is limited solely to the payment of compensation[^.]*\.,"The responsibility of UNICEF is limited solely to the payment of compensation for service-incurred death, injury or illness",Digital payments,cash_functions
1,[^.]*BSAFE[^.]*,"BSAFE, Ethics, Prevention of Sexual Exploitation and Abuse of Authority, ... and Information Security Awareness (UNICEF mandatory trainings)",Cybersecurity,digital
1,ST/AI/\d{4}/\d+,refer to section 5 of ST/AI/2010/4Rev.1 on Temporary Appointments,AI & machine learning,digital
1,"through our team of assessment, data, geospatial,? and thematic specialists","IMPACT Initiatives blurb: Through our team of assessment, data, geospatial, and thematic specialists, IMPACT promotes...",GIS & remote sensing,digital
1,"(life, health,? and permanent |permanent )?disability insurance","life, health, and permanent disability insurance (UNV conditions of service)",Disability inclusion,crosscutting
1,"(proud to have )?worked in partnership with USAID, DFID[^.]*\.","We are proud to have worked in partnership with USAID, DFID and numerous other clients in some of the most challenging political and economic climates",FCDO / DFID; USAID,donors
1,(Department of State|DOS) medical clearance,A USAID Secret level security clearance and Department of State medical clearance are required prior to issuance of the contract,US State Dept / PRM,donors
1,"protection\s*[–-]\s*from abuse, neglect, trafficking, child labou?r and other forms of exploitation","protection – from abuse, neglect, trafficking, child labour and other forms of exploitation",Trafficking,populations_watch
1,La OIM se dedica a promover la migraci[óo]n humana y ordenada[^.]*\.|brindando servicios y asesor[íi]a a gobiernos y migrantes,La OIM se dedica a promover la migración humana y ordenada para el beneficio de todos. Lo hace brindando servicios y asesoría a gobiernos y migrantes.,Migration,populations_watch
1,Job family: ?[A-Za-z ]+\.,Duty station: Bahrain. Job family: Migration. Organizational unit: 10019650.,Migration,populations_watch
1,"Bureau of Population, Refugees,? and Migration( \(PRM\))?","must be approved, in writing, by the U.S. State Department's Bureau of Population, Refugees, and Migration (PRM)",Migration; Refugees,populations_watch
