group,topic,definition,includes,excludes,standard,reliefweb_theme,replaces,emerging,chart_as,title_matches_old,description_only_matches_old,title_sample_genuine,description_sample_genuine,note
Sectors,Food security & agriculture,"Food assistance, food security analysis, and agriculture, livestock and fisheries programming.",food distribution; food security assessments and IPC analysis; seeds and tools; pastoralism; veterinary; fisheries,malnutrition treatment (Nutrition); enterprise and market systems (Markets & value chains),IASC Food Security cluster,Food and Nutrition; Agriculture,Food security; Agriculture & livestock,,trend,7881,90850,22/24,10/40,
Sectors,Nutrition,Prevention and treatment of malnutrition.,CMAM; infant and young child feeding; micronutrients; nutrition surveys (SMART),general food assistance (Food security & agriculture),IASC Nutrition cluster,Food and Nutrition,Nutrition,,trend,7171,46438,12/12,4/20,
Sectors,Health,"Health care delivery and health systems: clinical, public health and pharmacy roles.",primary and secondary care; medical and nursing staff; health systems strengthening; pharmacy and medical supply,,IASC Health cluster,Health,Health,,trend,16011,141366,12/12,4/20,"Counts all health roles, including those also counted under the three specialist health topics below. Do not add them together."
Sectors,Sexual & reproductive health,"Maternal, newborn and reproductive health services and rights.",maternal and newborn health; family planning; midwifery; SRHR; MISP,GBV response (Gender-based violence),IASC Health cluster (SRH); MISP,Health,SRHR,,trend,2247,25411,11/12,10/20,
Sectors,Epidemics & disease control,Outbreak response and control of communicable diseases.,"cholera, Ebola, COVID-19 and other outbreaks; disease surveillance; infection prevention and control; vaccination campaigns; HIV, TB and malaria programmes",,IASC Health cluster; WHO outbreak response,Health; HIV/Aids,"Epidemics & outbreaks; HIV, TB & malaria",,trend,5391,58211,24/24,8/40,
Sectors,Mental health & psychosocial support (MHPSS),Mental health care and psychosocial support for crisis-affected people.,psychologists; psychosocial counsellors; MHPSS coordination,"staff welfare and HR wellbeing roles; ""environmental health""",IASC MHPSS Guidelines,Health; Protection and Human Rights,MHPSS,,trend,4287,30909,12/12,11/20,
Sectors,"Water, sanitation & hygiene (WASH)","Water supply, sanitation and hygiene promotion.",water engineering; latrines and faecal sludge; hygiene promotion; WASH in institutions,,IASC WASH cluster,Water Sanitation Hygiene,WASH,,trend,8426,52270,12/12,4/20,
Sectors,Shelter & settlements,"Emergency and transitional shelter, non-food items and settlement planning.",shelter construction and repair; NFI distribution; site planning; housing rehabilitation,"camp management (CCCM); housing, land and property rights (Legal aid, documentation & HLP)","Shelter, Land and Site Coordination cluster (2026; former IASC Shelter cluster)",Shelter and Non-Food Items,Shelter & NFI,,trend,2915,31225,12/12,1/20,Updated Oct 2026: standard reflects the 2026 cluster consolidation.
Sectors,Camp coordination & camp management (CCCM),Coordination and management of camps and displacement sites.,camp managers; site management; CCCM cluster roles,shelter construction (Shelter & settlements),"Shelter, Land and Site Coordination cluster (2026; former IASC CCCM cluster)",Camp Coordination and Camp Management,CCCM,,trend,1341,7076,11/12,3/20,Updated Oct 2026: standard reflects the 2026 cluster consolidation.
Sectors,Education,Education in emergencies and education programming.,teachers and teacher training; education in emergencies; school construction programmes; education cluster roles,"""education"" as a CV requirement; staff training",IASC Education cluster,Education,Education,,trend,11900,106270,12/12,0/20,
Sectors,Livelihoods & early recovery,Restoring incomes and basic infrastructure after a crisis.,income generation; vocational training; cash for work; rehabilitation and reconstruction; economic recovery,market systems and enterprise development (Markets & value chains); agriculture (Food security & agriculture),Former IASC Early Recovery cluster (under transformation in the humanitarian reset),Recovery and Reconstruction,Livelihoods; Early recovery & reconstruction,,trend,5762,74519,24/24,14/40,Updated Oct 2026: standard updated.
Sectors,Logistics & emergency telecoms,"Humanitarian supply chain, common logistics services and emergency telecommunications as a response sector.",Logistics cluster roles; humanitarian supply chain and pipeline management; humanitarian air service (UNHAS); prepositioning; emergency telecommunications (ETC),"routine logistics, procurement and fleet roles (ReliefWeb career category Logistics/Procurement); generic IT support (ReliefWeb career category ICT)",IASC Logistics and Emergency Telecommunications clusters (merger into one service cluster proposed in the 2025 reset),Logistics and Telecommunications,Emergency telecoms,,new: measure first,,,,,"New topic (Oct 2026). The sector, not the job function: the function comes from the career category."
Protection,Protection (general),"Protection monitoring, case management and rights-based protection work not covered by the specialist areas below.",protection monitoring; protection case management; protection mainstreaming,"child protection, GBV, mine action, HLP and human rights (own topics); social protection; data protection",IASC Protection cluster,Protection and Human Rights,Protection (general),,trend,9299,87883,12/12,1/20,Updated Oct 2026: human rights and rule of law moved to the new Human rights & humanitarian law topic.
Protection,Human rights & humanitarian law,"Human rights monitoring and advocacy, international humanitarian law and protection of civilians.",human rights officers; human rights monitoring and reporting; international humanitarian law; protection of civilians; rule of law and transitional justice,"protection monitoring and case management (Protection (general)); ""human rights"" in an organisation's values statement",OHCHR mandate; Geneva Conventions (IHL),Protection and Human Rights,,,new: measure first,,,,,New topic (Oct 2026). Takes human rights monitoring and rule of law from Protection (general).
Protection,Child protection,"Preventing and responding to abuse, neglect, exploitation and violence against children.",unaccompanied and separated children; child protection case management; children associated with armed forces,"child safeguarding policy roles (Safeguarding & PSEA); ""unaccompanied"" duty stations","IASC Protection cluster (former Child Protection Area of Responsibility, integrated 2026)",Protection and Human Rights,Child protection,,trend,4332,38457,11/12,12/20,Updated Oct 2026: standard reflects the 2026 cluster consolidation.
Protection,Gender-based violence (GBV),Preventing and responding to gender-based violence.,GBV case management; conflict-related sexual violence; women's protection and empowerment; safe spaces,gender mainstreaming (Gender equality); PSEA by aid workers (Safeguarding & PSEA),"IASC Protection cluster (former GBV Area of Responsibility, integrated 2026)",Protection and Human Rights; Gender,GBV,,trend,2448,23260,12/12,13/20,Updated Oct 2026: standard reflects the 2026 cluster consolidation.
Protection,Mine action,"Clearance of mines and explosive ordnance, risk education and victim assistance.",demining; explosive ordnance risk education; weapons contamination; EOD,,"IASC Protection cluster (former Mine Action Area of Responsibility, integrated 2026)",Mine Action,Mine action,,yearly trend,656,7307,12/12,7/20,Updated Oct 2026: standard reflects the 2026 cluster consolidation.
Protection,"Legal aid, documentation & HLP","Legal assistance, civil documentation and housing, land and property rights.",ICLA; legal counselling; civil documentation and legal identity; birth registration; HLP rights,digital ID systems (Identity & registration systems); organisational legal counsel,"IASC Protection cluster (law and policy); HLP moved to the Shelter, Land and Site Coordination cluster in 2026 (former HLP Area of Responsibility)",Protection and Human Rights,,,new: measure first,,,,,"New topic. Takes ""legal identity"" from the old Digital identity topic. Updated Oct 2026: HLP now sits with the shelter cluster, legal aid with protection; cross-reference fixed."
Protection,Human trafficking,Countering trafficking in persons and assisting survivors.,counter-trafficking; victim identification and assistance; modern slavery,"migrant smuggling (Migration); wildlife, drug and arms trafficking",UN Trafficking in Persons Protocol (Palermo); Protection cluster anti-trafficking work,Protection and Human Rights,Trafficking,,yearly trend,621,7677,12/12,12/20,"Updated Oct 2026: renamed from ""Human trafficking & smuggling""; smuggling moved to Migration."
People & displacement,Refugees & asylum,Roles centred on refugees and asylum seekers.,refugee response; refugee status determination; resettlement; asylum procedures,"roles where ""refugee"" appears only in the organisation's name or mission statement",UNHCR mandate; Refugee Coordination Model,Protection and Human Rights,Refugees,,trend,1956,65719,11/12,13/20,
People & displacement,Internal displacement,Roles centred on internally displaced people.,IDP response; displacement tracking (DTM); IDP policy,,UN Guiding Principles on Internal Displacement,Protection and Human Rights,IDPs,,"read from descriptions, yearly",179,29895,12/12,13/20,
People & displacement,Migration,Roles centred on migrants and mixed movements.,mixed migration; return and reintegration; labour migration; migration policy and data; migrant smuggling,roles matched only because the employer is IOM,IOM / Global Compact for Migration,,Migration,,trend,2645,30314,12/12,9/20,Updated Oct 2026: takes migrant smuggling from Human trafficking.
People & displacement,Durable solutions & statelessness,"Ending displacement through voluntary return, local integration, or settlement elsewhere, and preventing statelessness.",durable solutions strategies; voluntary return; local integration; statelessness prevention and reduction,resettlement casework and processing (Refugees & asylum),IASC Framework on Durable Solutions for IDPs; UNHCR durable solutions and statelessness mandates,Protection and Human Rights,Durable solutions; Statelessness,,yearly trend,401,9207,24/24,15/40,Updated Oct 2026: definition covers both IDP and refugee solutions; resettlement casework left with Refugees & asylum.
Inclusion & accountability,Gender equality,"Gender analysis, mainstreaming and women's empowerment.",gender advisers; gender analysis; women's economic empowerment; gender mainstreaming,GBV (own topic); equal-opportunity statements in ads,IASC Gender Handbook; Gender with Age Marker,Gender,Gender,,trend,5731,86942,12/12,11/20,
Inclusion & accountability,Disability inclusion,Including people with disabilities in programmes and services.,disability inclusion advisers; rehabilitation; inclusive education and accessibility,equal-opportunity statements; roles matched only because the employer is Humanity & Inclusion,IASC Guidelines on Inclusion of Persons with Disabilities (2019),,Disability inclusion,,trend,1042,35769,12/12,8/20,
Inclusion & accountability,Youth & adolescents,Programming for and with young people.,youth empowerment and employment; adolescent programming; youth participation,"""young professional"" schemes; internships",UN Youth Strategy; Compact for Young People in Humanitarian Action,,Youth & adolescents,,trend,4349,47477,11/12,7/20,
Inclusion & accountability,"Diversity & inclusion (age, SOGI, DEI)","Inclusion of older people and LGBTQI+ people, and organisational diversity, equity and inclusion.",older people and ageing; LGBTQI+ inclusion; anti-racism; organisational DEI roles,"equal-opportunity statements; ""decolonising aid"" and ""shift the power"" (Localisation & local leadership)",Humanitarian Inclusion Standards for Older People and People with Disabilities,,Older people; LGBTQI+; DEI & decolonisation,,yearly trend,309,9565,36/36,30/60,
Inclusion & accountability,Safeguarding & PSEA,"Protecting people from exploitation, abuse and harassment by aid workers and organisations.",safeguarding advisers and investigators; PSEA networks and focal points; child safeguarding,the standard requirement that every applicant accept the safeguarding policy,IASC PSEA commitments; Core Humanitarian Standard,Protection and Human Rights,Safeguarding & PSEA,,trend,1546,33391,12/12,9/20,
Inclusion & accountability,Accountability & community engagement (AAP),"Listening and answering to affected people, and working to recognised quality standards.",feedback and complaints mechanisms; communicating with communities; community engagement; CHS and Sphere; misinformation and information ecosystems,financial accountability; parental engagement in schools,IASC AAP commitments; Core Humanitarian Standard; Sphere,,AAP & community engagement; Quality standards (CHS/Sphere); Information integrity,,trend,1271,36962,29/36,43/60,
"Cash, markets & social protection",Cash & voucher assistance (CVA),Delivering assistance as cash transfers or vouchers.,cash officers and advisers; CVA programme design; vouchers; cash for work modality; NGO cash coordinators; cash plus and complementary programming; sector-specific cash; targeting and transfer values,accounting vouchers; cash handling by cashiers and finance staff,CALP glossary,,CVA,,trend,1746,24670,12/12,11/20,"Parent of MPCA, Cash coordination and Group cash transfers. Do not add them together. Updated Oct 2026: CALP terms added to includes."
"Cash, markets & social protection",Multi-purpose cash (MPCA),Unrestricted cash transfers covering basic needs across sectors.,MPCA; multi-purpose cash; minimum expenditure basket,,CALP glossary,,MPCA,,"read from descriptions, yearly",82,2995,12/12,14/20,Subset of CVA. Few job titles: read from descriptions.
"Cash, markets & social protection",Cash coordination,Inter-agency coordination of cash assistance.,cash working groups; inter-agency cash coordinators; CALP and cash coordination bodies,"NGO internal ""Cash Coordinator"" roles (CVA); CALP training as a credential",IASC cash coordination model (2022),Coordination,Cash coordination,,"read from descriptions, yearly",159,1518,9/12,16/20,Subset of CVA. Thin: chart yearly.
"Cash, markets & social protection",Group cash transfers,Cash given to community groups or local responders to run their own response projects.,group cash transfers (GCT); community cash grants; microgrants to community groups; survivor- and community-led response,"cash to individual households (CVA, MPCA); grants to registered NGO partners (Partnerships & partner capacity)",CALP glossary,,,,new: measure first,,,,,New topic. Subset of CVA. Expect very few posts: counts only until measured.
"Cash, markets & social protection",Digital payments & financial service providers,Delivering transfers through digital channels and managing payment providers.,mobile money; e-vouchers and e-payments; financial service provider contracting; payment systems; KYC requirements for recipients,repayments; general finance payments,CALP glossary; Better Than Cash Alliance,,Digital payments,,counts or yearly totals only,78,12999,7/12,3/20,Few job titles: read from descriptions. Updated Oct 2026: KYC added.
"Cash, markets & social protection",Financial inclusion & savings groups,"Access to savings, credit and financial services.",VSLAs and savings groups; microfinance; financial literacy; financial inclusion,service level agreements (SLA),,,Financial inclusion & savings,,yearly trend,610,8951,11/12,10/20,
"Cash, markets & social protection",Markets & value chains,"Market analysis, market systems development and enterprise support.","market assessments (EMMA, MSMA); market systems development; value chains; MSME and enterprise development",labour market studies; social marketing; subject-matter experts (SME),MERS (Minimum Economic Recovery Standards),,Market-based programming; Value chains & enterprise,,trend,2445,33048,18/24,28/40,
"Cash, markets & social protection",Social protection,"Public systems of social assistance (safety nets), social insurance and labour-market support, and their links to humanitarian assistance.",social assistance and safety nets; social insurance; shock-responsive and adaptive social protection; linking humanitarian cash to social protection,psychosocial assistance; child and legal protection,SPIAC-B / ISPA definitions,,Social protection,,yearly trend,871,9023,12/12,9/20,Updated Oct 2026: definition widened beyond safety nets (CALP glossary).
Digital & data,Data collection & analytics,"Collecting, analysing and visualising programme data.","data analysts; dashboards and BI; statistics; mobile data collection (Kobo, ODK); Power BI and Tableau","generic ""data analysis"" in M&E duties",,,Data analytics & BI; Mobile data collection,,trend,1887,57241,24/24,29/40,"Overlaps ReliefWeb career category ""Information Management"". Updated Oct 2026: Power BI and Tableau added (old keyword)."
Digital & data,Needs assessment & analysis,Assessing and analysing humanitarian needs to inform response planning.,multi-sector needs assessments (MSNA); JIAF and humanitarian needs overviews; assessment officers and analysts; context and situation analysis,project baselines and routine M&E (ReliefWeb career category Monitoring and Evaluation); IPC and food security assessments (Food security & agriculture); market assessments (Markets & value chains),IASC Joint Intersectoral Analysis Framework (JIAF),,,,new: measure first,,,,,"New topic (Oct 2026). Overlaps ReliefWeb career category ""Information Management"". Core only: tagged only when it is the main subject of the role; duties inside other jobs are not counted."
Digital & data,GIS & remote sensing,"Mapping, geospatial analysis and satellite imagery.",GIS officers; remote sensing; spatial analysis,"stakeholder ""mapping""",,,GIS & remote sensing,,trend,1199,12865,11/12,13/20,
Digital & data,Identity & registration systems,Systems that register people for assistance and manage their identity records.,"beneficiary registration systems (SCOPE, proGres); digital ID; identity management; de-duplication","civil documentation and legal identity (Legal aid, documentation & HLP); biometric capture itself (Biometrics)",,,Digital identity; Registration & beneficiary data systems,,counts or yearly totals only,173,5018,17/24,18/40,
Digital & data,Biometrics,"Using fingerprints, iris, face or voice to identify the people assisted.",biometric registration and verification; iris and fingerprint systems (e.g. BIMS); biometric policy,"FBI fingerprint checks for applicants; statistical ""biometrics"" and biometry",,,Biometrics,,counts or yearly totals only,41,1212,10/12,5/20,Very thin in titles (41): counts only.
Digital & data,Interoperability & data sharing,Making systems and organisations exchange data.,data-sharing agreements and platforms; system integration and APIs; data standards; interoperable registries,"generic ""sharing data with colleagues""",,,Interoperability,,"read from descriptions, yearly",25,2822,10/12,13/20,Almost never in job titles: read from descriptions (duties).
Digital & data,Data responsibility,"Safe, ethical and lawful management of data about affected people, including data protection.",data protection officers; privacy and data protection impact assessments; data responsibility and data ethics; data governance,privacy notices to job applicants; IT security (Cybersecurity),IASC Operational Guidance on Data Responsibility,,Data protection,,"read from descriptions, yearly",155,11430,11/12,13/20,
Digital & data,Cybersecurity,Securing digital systems and information against attack.,information security; cybersecurity officers; security operations; digital security training,physical safety and security (Safety & security management),,,Cybersecurity,,yearly trend,286,2192,12/12,13/20,
Digital & data,"Digital transformation, innovation & ICT4D",Using digital technology and innovation to change how organisations and programmes work.,"digital strategy; innovation leads, labs and funds; ICT4D; digital inclusion; digital literacy",generic IT support (ReliefWeb career category ICT),,,Digital transformation; Digital public infrastructure,digital public infrastructure / digital public goods,yearly trend,393,5967,15/20,12/40,Updated Oct 2026: digital literacy added (old keyword).
Digital & data,AI & machine learning,Building or applying artificial intelligence.,machine learning; data science with AI; AI policy and governance,"Amnesty International; French/Spanish ""IA"" in other senses",,,AI & machine learning; Generative AI & LLMs,generative AI / LLMs,counts or yearly totals only,172,4514,15/17,19/40,
Digital & data,Blockchain & crypto,Distributed ledgers and cryptocurrency.,blockchain; distributed ledger; cryptocurrency; smart contracts,,,,Blockchain & crypto,,counts or yearly totals only,19,232,12/12,12/20,Very thin: counts only.
Digital & data,Stablecoins & digital assets,"Stablecoins, central bank digital currencies and tokenised money.","stablecoins (USDC, USDT); CBDC; tokenised or virtual assets","""digital assets"" meaning photos and video",,,Stablecoins & digital assets,,counts or yearly totals only,21,501,1/12,1/20,"Very thin: counts only. Old matches were almost all the comms sense of ""digital assets""; expect near zero once fixed."
"Climate, risk & resilience","Climate, environment & energy","Climate adaptation and finance, environmental sustainability and energy access.","climate adaptation, policy and finance; carbon markets; environmental safeguards and greening; natural resource management; clean energy and energy access","French ""environnement"" meaning working environment; ""energy"" as a personal quality",UNFCCC,Climate Change and Environment,Climate; Loss & damage / climate finance; Environmental sustainability; Energy,loss and damage,trend,3873,59781,45/48,38/80,
"Climate, risk & resilience",Disaster risk reduction & early warning,Reducing disaster risk and preparing for hazards.,DRR; disaster preparedness; early warning systems; contingency planning,,Sendai Framework,Disaster Management,Disaster risk reduction; Early warning,,trend,1612,21520,24/24,26/40,
"Climate, risk & resilience",Anticipatory action & risk financing,Acting on forecasts before a crisis and pre-arranging the money to do so.,anticipatory and forecast-based action; crisis modifiers; disaster risk financing; parametric insurance,general early warning (DRR & early warning); staff insurance,Anticipation Hub; OCHA anticipatory action frameworks,Disaster Management,Anticipatory action; Risk financing & insurance,,yearly trend,258,1592,24/24,24/40,Thin in titles: chart yearly.
"Climate, risk & resilience",Resilience,Programmes built around strengthening the resilience of people and systems.,resilience programming and building; resilience measurement,"""resilient"" as a personal quality",,,Resilience,,trend,3016,51388,10/12,4/20,
System & reform,Urban & area-based response,Responding in cities and through settlement or area-based approaches.,urban response; urban planning; area-based coordination,"""rural and urban"" as a passing phrase",Global Alliance for Urban Crises; IASC area-based coordination,,Urban response; Area-based approaches,,"read from descriptions, yearly",153,3684,23/24,30/40,"Thin: chart yearly. Updated Oct 2026: moved from ""Climate, risk & resilience"" to ""System & reform""."
System & reform,Localisation & local leadership,Shifting power and resources to local and national actors.,localisation; local leadership; shift the power; decolonising aid,"software and language localisation; ""localisation du poste"" (job location)",Grand Bargain localisation commitments,,Localisation,,yearly trend,359,17864,9/12,2/20,"Also takes ""decolonisation"" and ""shift the power"" from the old DEI topic."
System & reform,Partnerships & partner capacity,"Building, brokering and managing partnerships with other organisations, and strengthening the organisational capacity of those partners.","partnership managers, advisers and officers; identifying, selecting and contracting partners; partnership agreements and partner due diligence; managing partner relationships and sub-grantee portfolios as a named responsibility; organisational capacity assessment and strengthening of partner organisations","training or capacity building of own staff, beneficiaries, communities or government officials; ""capacity building"" as a generic skill or duty; ""coordinate, liaise or work with partners and stakeholders""; routine oversight of a sub-grant or implementing partner inside a project; donor relations and fundraising; consortium or inter-agency coordination (Humanitarian coordination)",Principles of Partnership,Coordination,Partnerships & capacity strengthening,,trend,3665,125182,12/12,2/20,"Descriptions unreliable (2 of 20 genuine): use titles. Updated Oct 2026: renamed from ""Partnerships & capacity strengthening"" and narrowed to partnership building and partner capacity. Core only: tagged only when partnerships are the main subject of the role; partnership duties inside other jobs are not counted."
System & reform,Humanitarian-development-peace nexus,"Joining up humanitarian, development and peace work.",nexus advisers; HDP nexus; triple nexus,"water-energy-food nexus; ""nexus"" as a product or project name",OECD DAC Recommendation on the HDP Nexus,,Nexus,,"read from descriptions, yearly",155,5580,7/12,17/20,
System & reform,Peacebuilding & conflict sensitivity,Building peace and making aid sensitive to conflict.,peacebuilding; social cohesion; conflict analysis; conflict sensitivity; peacekeeping support; DDR; security sector reform,"""do no harm"" as a stock principle; ""conflict resolution"" as a soft skill",,Peacekeeping and Peacebuilding,Peacebuilding & social cohesion; Conflict sensitivity,,trend,1387,37106,24/24,17/40,"Updated Oct 2026: peacekeeping, DDR and SSR added to match the ReliefWeb theme."
System & reform,Humanitarian coordination,Running the coordination system between agencies.,cluster and sector coordinators; OCHA coordination roles; inter-agency and HCT support,"cash coordination and CCCM (own topics); NGO roles titled ""Humanitarian Coordinator""",IASC cluster approach,Coordination,Humanitarian coordination,,yearly trend,855,14029,9/12,16/20,
System & reform,Humanitarian reset & reform,Reform of the humanitarian system.,humanitarian reset; Grand Bargain; UN80 and efficiency reforms,,IASC humanitarian reset (2025),,Humanitarian reset,humanitarian reset,"read from descriptions, yearly",0,29,,19/20,Emerging: counts only.
System & reform,Humanitarian access & civil-military coordination,Negotiating access and working alongside military actors.,access advisers; access negotiation; CMCoord,access to services; database access,UN-CMCoord guidelines,Coordination,Humanitarian access & civil-military,,yearly trend,626,5249,12/12,15/20,"Updated Oct 2026: moved from ""Operations & assurance"" to ""System & reform""."
Operations & assurance,"Compliance, audit & risk","Internal controls, fraud prevention, audit and organisational risk.",compliance officers; anti-fraud and investigations; internal audit; enterprise risk; counter-terrorism and sanctions compliance; AML/CFT and de-risking,the standard requirement to follow the fraud policy; disaster and security risk,,,Compliance & anti-fraud; Audit & risk management,,trend,6919,62939,22/24,20/40,Specialist function not covered by ReliefWeb career categories. Updated Oct 2026: AML/CFT and de-risking added. Core only: tagged only when it is the main subject of the role; duties inside other jobs are not counted.
Operations & assurance,Safety & security management,Keeping staff and operations safe.,security managers and advisers; security risk management; security focal points as the role,"food, livelihood and social security; ""report to the security focal point""",,Safety and Security,Security management,,trend,3411,24105,11/12,6/20,Core only: tagged only when it is the main subject of the role; duties inside other jobs are not counted.
Operations & assurance,Remote & third-party monitoring,Monitoring carried out by a contracted third party or at a distance.,third-party monitoring; remote monitoring; field monitors for TPM firms,,,,Third-party & remote monitoring,,yearly trend,389,8449,12/12,15/20,
Operations & assurance,Impact evaluation & research,Rigorous evaluation and research roles.,impact evaluations; RCTs; research leads and principal investigators,routine M&E (ReliefWeb career category Monitoring and Evaluation),,,Impact evaluation & RCTs,,yearly trend,299,5380,12/12,15/20,
