org,org_id,year,n_posts
British Red Cross,299,2011,19
British Red Cross,299,2012,49
British Red Cross,299,2013,43
British Red Cross,299,2014,44
British Red Cross,299,2015,53
British Red Cross,299,2016,63
British Red Cross,299,2017,73
British Red Cross,299,2018,77
British Red Cross,299,2019,80
British Red Cross,299,2020,41
British Red Cross,299,2021,119
British Red Cross,299,2022,295
British Red Cross,299,2023,306
British Red Cross,299,2024,44
British Red Cross,299,2025,15
British Red Cross,299,2026,5
Asian Disaster Preparedness Center,329,2011,16
Asian Disaster Preparedness Center,329,2012,19
Asian Disaster Preparedness Center,329,2013,24
Asian Disaster Preparedness Center,329,2014,16
Asian Disaster Preparedness Center,329,2015,21
Asian Disaster Preparedness Center,329,2016,27
Asian Disaster Preparedness Center,329,2017,18
Asian Disaster Preparedness Center,329,2018,17
Asian Disaster Preparedness Center,329,2019,38
Asian Disaster Preparedness Center,329,2020,132
Asian Disaster Preparedness Center,329,2021,95
Asian Disaster Preparedness Center,329,2022,82
Asian Disaster Preparedness Center,329,2023,84
Asian Disaster Preparedness Center,329,2024,73
Asian Disaster Preparedness Center,329,2025,57
Asian Disaster Preparedness Center,329,2026,48
Concern Worldwide,359,2011,100
Concern Worldwide,359,2012,163
Concern Worldwide,359,2013,139
Concern Worldwide,359,2014,254
Concern Worldwide,359,2015,249
Concern Worldwide,359,2016,240
Concern Worldwide,359,2017,293
Concern Worldwide,359,2018,243
Concern Worldwide,359,2019,293
Concern Worldwide,359,2020,255
Concern Worldwide,359,2021,251
Concern Worldwide,359,2022,237
Concern Worldwide,359,2023,297
Concern Worldwide,359,2024,241
Concern Worldwide,359,2025,112
Concern Worldwide,359,2026,42
Croix-Rouge Française,411,2011,6
Croix-Rouge Française,411,2012,2
Croix-Rouge Française,411,2013,3
Croix-Rouge Française,411,2014,5
Croix-Rouge Française,411,2015,2
Croix-Rouge Française,411,2016,3
Croix-Rouge Française,411,2017,75
Croix-Rouge Française,411,2018,125
Croix-Rouge Française,411,2019,251
Croix-Rouge Française,411,2020,139
Croix-Rouge Française,411,2021,441
Croix-Rouge Française,411,2022,1890
Croix-Rouge Française,411,2023,690
Croix-Rouge Française,411,2024,232
Croix-Rouge Française,411,2025,122
Croix-Rouge Française,411,2026,23
Catholic Relief Services,436,2011,32
Catholic Relief Services,436,2012,54
Catholic Relief Services,436,2013,77
Catholic Relief Services,436,2014,147
Catholic Relief Services,436,2015,293
Catholic Relief Services,436,2016,360
Catholic Relief Services,436,2017,497
Catholic Relief Services,436,2018,343
Catholic Relief Services,436,2019,490
Catholic Relief Services,436,2020,352
Catholic Relief Services,436,2021,647
Catholic Relief Services,436,2022,786
Catholic Relief Services,436,2023,371
Catholic Relief Services,436,2024,278
Catholic Relief Services,436,2025,64
Catholic Relief Services,436,2026,69
ActionAid,460,2011,30
ActionAid,460,2012,66
ActionAid,460,2013,121
ActionAid,460,2014,98
ActionAid,460,2015,75
ActionAid,460,2016,78
ActionAid,460,2017,103
ActionAid,460,2018,100
ActionAid,460,2019,92
ActionAid,460,2020,61
ActionAid,460,2021,84
ActionAid,460,2022,109
ActionAid,460,2023,84
ActionAid,460,2024,61
ActionAid,460,2025,72
ActionAid,460,2026,40
Alight,489,2011,58
Alight,489,2012,68
Alight,489,2013,47
Alight,489,2014,78
Alight,489,2015,61
Alight,489,2016,54
Alight,489,2017,46
Alight,489,2018,49
Alight,489,2019,26
Alight,489,2020,12
Alight,489,2021,40
Alight,489,2022,49
Alight,489,2023,41
Alight,489,2024,20
Alight,489,2025,10
Alight,489,2026,6
Church World Service,515,2012,35
Church World Service,515,2013,5
Church World Service,515,2014,35
Church World Service,515,2015,17
Church World Service,515,2016,7
Church World Service,515,2017,30
Church World Service,515,2018,25
Church World Service,515,2019,26
Church World Service,515,2020,35
Church World Service,515,2021,93
Church World Service,515,2022,196
Church World Service,515,2023,117
Church World Service,515,2024,62
Church World Service,515,2025,12
Church World Service,515,2026,2
Danish Refugee Council,522,2011,83
Danish Refugee Council,522,2012,177
Danish Refugee Council,522,2013,274
Danish Refugee Council,522,2014,421
Danish Refugee Council,522,2015,600
Danish Refugee Council,522,2016,699
Danish Refugee Council,522,2017,810
Danish Refugee Council,522,2018,869
Danish Refugee Council,522,2019,1073
Danish Refugee Council,522,2020,909
Danish Refugee Council,522,2021,848
Danish Refugee Council,522,2022,1227
Danish Refugee Council,522,2023,980
Danish Refugee Council,522,2024,861
Danish Refugee Council,522,2025,432
Danish Refugee Council,522,2026,434
AVSI Foundation – ETS,526,2011,6
AVSI Foundation – ETS,526,2012,3
AVSI Foundation – ETS,526,2013,8
AVSI Foundation – ETS,526,2014,31
AVSI Foundation – ETS,526,2015,33
AVSI Foundation – ETS,526,2016,41
AVSI Foundation – ETS,526,2017,43
AVSI Foundation – ETS,526,2018,83
AVSI Foundation – ETS,526,2019,55
AVSI Foundation – ETS,526,2020,45
AVSI Foundation – ETS,526,2021,24
AVSI Foundation – ETS,526,2022,73
AVSI Foundation – ETS,526,2023,85
AVSI Foundation – ETS,526,2024,111
AVSI Foundation – ETS,526,2025,43
AVSI Foundation – ETS,526,2026,21
Food for the Hungry,549,2011,7
Food for the Hungry,549,2012,24
Food for the Hungry,549,2013,22
Food for the Hungry,549,2014,25
Food for the Hungry,549,2015,25
Food for the Hungry,549,2016,43
Food for the Hungry,549,2017,66
Food for the Hungry,549,2018,107
Food for the Hungry,549,2019,87
Food for the Hungry,549,2020,53
Food for the Hungry,549,2021,66
Food for the Hungry,549,2022,81
Food for the Hungry,549,2023,47
Food for the Hungry,549,2024,37
Food for the Hungry,549,2025,21
Food for the Hungry,549,2026,2
Amnesty International,569,2011,40
Amnesty International,569,2012,71
Amnesty International,569,2013,56
Amnesty International,569,2014,101
Amnesty International,569,2015,99
Amnesty International,569,2016,142
Amnesty International,569,2017,133
Amnesty International,569,2018,150
Amnesty International,569,2019,57
Amnesty International,569,2020,50
Amnesty International,569,2021,63
Amnesty International,569,2022,156
Amnesty International,569,2023,179
Amnesty International,569,2024,33
Amnesty International,569,2025,2
Macfadden,615,2012,11
Macfadden,615,2013,6
Macfadden,615,2014,9
Macfadden,615,2015,16
Macfadden,615,2016,7
Macfadden,615,2017,77
Macfadden,615,2018,92
Macfadden,615,2019,160
Macfadden,615,2020,97
Macfadden,615,2021,41
Macfadden,615,2022,41
Macfadden,615,2023,32
GOAL,633,2011,62
GOAL,633,2012,137
GOAL,633,2013,116
GOAL,633,2014,164
GOAL,633,2015,109
GOAL,633,2016,99
GOAL,633,2017,148
GOAL,633,2018,182
GOAL,633,2019,218
GOAL,633,2020,343
GOAL,633,2021,438
GOAL,633,2022,301
GOAL,633,2023,193
GOAL,633,2024,201
GOAL,633,2025,60
GOAL,633,2026,63
CESVI,644,2011,28
CESVI,644,2012,57
CESVI,644,2013,47
CESVI,644,2014,43
CESVI,644,2015,36
CESVI,644,2016,39
CESVI,644,2017,33
CESVI,644,2018,49
CESVI,644,2019,64
CESVI,644,2020,53
CESVI,644,2021,48
CESVI,644,2022,79
CESVI,644,2023,118
CESVI,644,2024,127
CESVI,644,2025,52
CESVI,644,2026,81
Welthungerhilfe,648,2011,18
Welthungerhilfe,648,2012,26
Welthungerhilfe,648,2013,39
Welthungerhilfe,648,2014,76
Welthungerhilfe,648,2015,82
Welthungerhilfe,648,2016,100
Welthungerhilfe,648,2017,75
Welthungerhilfe,648,2018,77
Welthungerhilfe,648,2019,118
Welthungerhilfe,648,2020,124
Welthungerhilfe,648,2021,153
Welthungerhilfe,648,2022,201
Welthungerhilfe,648,2023,180
Welthungerhilfe,648,2024,141
Welthungerhilfe,648,2025,125
Welthungerhilfe,648,2026,28
GRM International,650,2011,40
GRM International,650,2012,153
GRM International,650,2013,195
GRM International,650,2014,102
GRM International,650,2015,63
CARE USA,664,2011,52
CARE USA,664,2012,70
CARE USA,664,2013,83
CARE USA,664,2014,134
CARE USA,664,2015,131
CARE USA,664,2016,140
CARE USA,664,2017,217
CARE USA,664,2018,184
CARE USA,664,2019,221
CARE USA,664,2020,190
CARE USA,664,2021,240
CARE USA,664,2022,172
CARE USA,664,2023,335
CARE USA,664,2024,248
CARE USA,664,2025,41
CARE USA,664,2026,1
COOPI - Cooperazione Internazionale,671,2013,1
COOPI - Cooperazione Internazionale,671,2014,41
COOPI - Cooperazione Internazionale,671,2015,18
COOPI - Cooperazione Internazionale,671,2016,19
COOPI - Cooperazione Internazionale,671,2017,432
COOPI - Cooperazione Internazionale,671,2018,943
COOPI - Cooperazione Internazionale,671,2019,1102
COOPI - Cooperazione Internazionale,671,2020,597
COOPI - Cooperazione Internazionale,671,2021,715
COOPI - Cooperazione Internazionale,671,2022,573
COOPI - Cooperazione Internazionale,671,2023,471
COOPI - Cooperazione Internazionale,671,2024,255
COOPI - Cooperazione Internazionale,671,2025,97
COOPI - Cooperazione Internazionale,671,2026,57
Counterpart International,679,2011,46
Counterpart International,679,2012,51
Counterpart International,679,2013,32
Counterpart International,679,2014,91
Counterpart International,679,2015,122
Counterpart International,679,2016,127
Counterpart International,679,2017,43
Counterpart International,679,2018,3
Counterpart International,679,2019,25
Counterpart International,679,2020,4
Counterpart International,679,2021,3
Counterpart International,679,2022,6
Counterpart International,679,2023,62
Counterpart International,679,2024,139
Counterpart International,679,2025,3
Chemonics,749,2011,19
Chemonics,749,2012,146
Chemonics,749,2013,206
Chemonics,749,2014,389
Chemonics,749,2015,340
Chemonics,749,2016,473
Chemonics,749,2017,570
Chemonics,749,2018,551
Chemonics,749,2019,594
Chemonics,749,2020,557
Chemonics,749,2021,407
Chemonics,749,2022,297
Chemonics,749,2023,444
Chemonics,749,2024,497
Chemonics,749,2025,119
Chemonics,749,2026,93
Habitat for Humanity,757,2011,42
Habitat for Humanity,757,2012,30
Habitat for Humanity,757,2013,60
Habitat for Humanity,757,2014,63
Habitat for Humanity,757,2015,45
Habitat for Humanity,757,2016,73
Habitat for Humanity,757,2017,79
Habitat for Humanity,757,2018,68
Habitat for Humanity,757,2019,69
Habitat for Humanity,757,2020,25
Habitat for Humanity,757,2021,53
Habitat for Humanity,757,2022,133
Habitat for Humanity,757,2023,103
Habitat for Humanity,757,2024,187
Habitat for Humanity,757,2025,120
Habitat for Humanity,757,2026,28
DanChurchAid,759,2011,16
DanChurchAid,759,2012,38
DanChurchAid,759,2013,23
DanChurchAid,759,2014,23
DanChurchAid,759,2015,43
DanChurchAid,759,2016,47
DanChurchAid,759,2017,46
DanChurchAid,759,2018,67
DanChurchAid,759,2019,64
DanChurchAid,759,2020,94
DanChurchAid,759,2021,83
DanChurchAid,759,2022,101
DanChurchAid,759,2023,95
DanChurchAid,759,2024,117
DanChurchAid,759,2025,60
DanChurchAid,759,2026,49
Freedom House,767,2011,12
Freedom House,767,2012,90
Freedom House,767,2013,63
Freedom House,767,2014,52
Freedom House,767,2015,82
Freedom House,767,2016,83
Freedom House,767,2017,83
Freedom House,767,2018,91
Freedom House,767,2019,22
Freedom House,767,2020,39
Freedom House,767,2021,57
Freedom House,767,2022,77
Freedom House,767,2023,6
Freedom House,767,2024,7
ACDI/VOCA,815,2011,70
ACDI/VOCA,815,2012,116
ACDI/VOCA,815,2013,135
ACDI/VOCA,815,2014,143
ACDI/VOCA,815,2015,215
ACDI/VOCA,815,2016,120
ACDI/VOCA,815,2017,118
ACDI/VOCA,815,2018,72
ACDI/VOCA,815,2019,107
ACDI/VOCA,815,2020,97
ACDI/VOCA,815,2021,69
ACDI/VOCA,815,2022,81
ACDI/VOCA,815,2023,100
ACDI/VOCA,815,2024,127
ACDI/VOCA,815,2025,13
Agency for Technical Cooperation and Development,823,2011,172
Agency for Technical Cooperation and Development,823,2012,674
Agency for Technical Cooperation and Development,823,2013,590
Agency for Technical Cooperation and Development,823,2014,545
Agency for Technical Cooperation and Development,823,2015,850
Agency for Technical Cooperation and Development,823,2016,508
Agency for Technical Cooperation and Development,823,2017,1247
Agency for Technical Cooperation and Development,823,2018,1184
Agency for Technical Cooperation and Development,823,2019,539
Agency for Technical Cooperation and Development,823,2020,524
Agency for Technical Cooperation and Development,823,2021,669
Agency for Technical Cooperation and Development,823,2022,2160
Agency for Technical Cooperation and Development,823,2023,2339
Agency for Technical Cooperation and Development,823,2024,1329
Agency for Technical Cooperation and Development,823,2025,278
Agency for Technical Cooperation and Development,823,2026,230
Global Alliance for Improved Nutrition,942,2011,2
Global Alliance for Improved Nutrition,942,2012,4
Global Alliance for Improved Nutrition,942,2013,15
Global Alliance for Improved Nutrition,942,2014,48
Global Alliance for Improved Nutrition,942,2015,24
Global Alliance for Improved Nutrition,942,2016,26
Global Alliance for Improved Nutrition,942,2017,19
Global Alliance for Improved Nutrition,942,2018,42
Global Alliance for Improved Nutrition,942,2019,45
Global Alliance for Improved Nutrition,942,2020,39
Global Alliance for Improved Nutrition,942,2021,81
Global Alliance for Improved Nutrition,942,2022,118
Global Alliance for Improved Nutrition,942,2023,132
Global Alliance for Improved Nutrition,942,2024,109
Global Alliance for Improved Nutrition,942,2025,46
Global Alliance for Improved Nutrition,942,2026,22
Creative Associates International,997,2011,47
Creative Associates International,997,2012,41
Creative Associates International,997,2013,49
Creative Associates International,997,2014,40
Creative Associates International,997,2015,188
Creative Associates International,997,2016,163
Creative Associates International,997,2017,176
Creative Associates International,997,2018,270
Creative Associates International,997,2019,316
Creative Associates International,997,2020,317
Creative Associates International,997,2021,447
Creative Associates International,997,2022,251
Creative Associates International,997,2023,193
Creative Associates International,997,2024,113
Creative Associates International,997,2025,1
World Wide Fund For Nature,1017,2011,14
World Wide Fund For Nature,1017,2012,53
World Wide Fund For Nature,1017,2013,41
World Wide Fund For Nature,1017,2014,37
World Wide Fund For Nature,1017,2015,44
World Wide Fund For Nature,1017,2016,28
World Wide Fund For Nature,1017,2017,33
World Wide Fund For Nature,1017,2018,68
World Wide Fund For Nature,1017,2019,52
World Wide Fund For Nature,1017,2020,74
World Wide Fund For Nature,1017,2021,58
World Wide Fund For Nature,1017,2022,41
World Wide Fund For Nature,1017,2023,60
World Wide Fund For Nature,1017,2024,60
World Wide Fund For Nature,1017,2025,49
World Wide Fund For Nature,1017,2026,8
Jesuit Refugee Service,1046,2011,7
Jesuit Refugee Service,1046,2012,16
Jesuit Refugee Service,1046,2013,38
Jesuit Refugee Service,1046,2014,55
Jesuit Refugee Service,1046,2015,45
Jesuit Refugee Service,1046,2016,31
Jesuit Refugee Service,1046,2017,30
Jesuit Refugee Service,1046,2018,51
Jesuit Refugee Service,1046,2019,58
Jesuit Refugee Service,1046,2020,53
Jesuit Refugee Service,1046,2021,66
Jesuit Refugee Service,1046,2022,81
Jesuit Refugee Service,1046,2023,101
Jesuit Refugee Service,1046,2024,65
Jesuit Refugee Service,1046,2025,39
Jesuit Refugee Service,1046,2026,18
International Committee of the Red Cross,1048,2011,22
International Committee of the Red Cross,1048,2012,45
International Committee of the Red Cross,1048,2013,69
International Committee of the Red Cross,1048,2014,78
International Committee of the Red Cross,1048,2015,99
International Committee of the Red Cross,1048,2016,103
International Committee of the Red Cross,1048,2017,265
International Committee of the Red Cross,1048,2018,299
International Committee of the Red Cross,1048,2019,213
International Committee of the Red Cross,1048,2020,216
International Committee of the Red Cross,1048,2021,263
International Committee of the Red Cross,1048,2022,439
International Committee of the Red Cross,1048,2023,222
International Committee of the Red Cross,1048,2024,337
International Committee of the Red Cross,1048,2025,170
Trócaire,1052,2011,12
Trócaire,1052,2012,54
Trócaire,1052,2013,66
Trócaire,1052,2014,37
Trócaire,1052,2015,39
Trócaire,1052,2016,54
Trócaire,1052,2017,54
Trócaire,1052,2018,52
Trócaire,1052,2019,46
Trócaire,1052,2020,51
Trócaire,1052,2021,61
Trócaire,1052,2022,59
Trócaire,1052,2023,69
Trócaire,1052,2024,55
Trócaire,1052,2025,34
Trócaire,1052,2026,32
United Nations Population Fund,1070,2011,76
United Nations Population Fund,1070,2012,208
United Nations Population Fund,1070,2013,206
United Nations Population Fund,1070,2014,208
United Nations Population Fund,1070,2015,164
United Nations Population Fund,1070,2016,93
United Nations Population Fund,1070,2017,83
United Nations Population Fund,1070,2018,78
United Nations Population Fund,1070,2019,75
United Nations Population Fund,1070,2020,56
United Nations Population Fund,1070,2021,58
United Nations Population Fund,1070,2022,65
United Nations Population Fund,1070,2023,64
United Nations Population Fund,1070,2024,65
United Nations Population Fund,1070,2025,19
United Nations Population Fund,1070,2026,7
War Child UK,1079,2011,20
War Child UK,1079,2012,22
War Child UK,1079,2013,39
War Child UK,1079,2014,41
War Child UK,1079,2015,44
War Child UK,1079,2016,60
War Child UK,1079,2017,64
War Child UK,1079,2018,61
War Child UK,1079,2019,44
War Child UK,1079,2020,25
War Child UK,1079,2021,24
War Child UK,1079,2022,43
War Child UK,1079,2023,29
War Child UK,1079,2024,17
War Child UK,1079,2025,9
War Child UK,1079,2026,1
Organization for Security and Co-operation in Europe,1084,2011,20
Organization for Security and Co-operation in Europe,1084,2012,46
Organization for Security and Co-operation in Europe,1084,2013,54
Organization for Security and Co-operation in Europe,1084,2014,45
Organization for Security and Co-operation in Europe,1084,2015,74
Organization for Security and Co-operation in Europe,1084,2016,82
Organization for Security and Co-operation in Europe,1084,2017,126
Organization for Security and Co-operation in Europe,1084,2018,19
Organization for Security and Co-operation in Europe,1084,2019,29
Organization for Security and Co-operation in Europe,1084,2020,40
Organization for Security and Co-operation in Europe,1084,2021,34
Organization for Security and Co-operation in Europe,1084,2022,11
Organization for Security and Co-operation in Europe,1084,2023,5
Organization for Security and Co-operation in Europe,1084,2024,2
Organization for Security and Co-operation in Europe,1084,2025,3
International Labour Organization,1099,2011,7
International Labour Organization,1099,2012,35
International Labour Organization,1099,2013,31
International Labour Organization,1099,2014,22
International Labour Organization,1099,2015,32
International Labour Organization,1099,2016,27
International Labour Organization,1099,2017,38
International Labour Organization,1099,2018,28
International Labour Organization,1099,2019,58
International Labour Organization,1099,2020,49
International Labour Organization,1099,2021,140
International Labour Organization,1099,2022,68
International Labour Organization,1099,2023,113
International Labour Organization,1099,2024,144
International Labour Organization,1099,2025,145
International Labour Organization,1099,2026,59
Medair,1107,2011,11
Medair,1107,2012,11
Medair,1107,2013,40
Medair,1107,2014,36
Medair,1107,2015,8
Medair,1107,2016,96
Medair,1107,2017,129
Medair,1107,2018,159
Medair,1107,2019,142
Medair,1107,2020,120
Medair,1107,2021,125
Medair,1107,2022,167
Medair,1107,2023,166
Medair,1107,2024,128
Medair,1107,2025,19
Medair,1107,2026,30
ZOA,1137,2011,7
ZOA,1137,2012,13
ZOA,1137,2013,7
ZOA,1137,2014,14
ZOA,1137,2015,8
ZOA,1137,2016,21
ZOA,1137,2017,38
ZOA,1137,2018,39
ZOA,1137,2019,53
ZOA,1137,2020,29
ZOA,1137,2021,95
ZOA,1137,2022,89
ZOA,1137,2023,60
ZOA,1137,2024,46
ZOA,1137,2025,49
ZOA,1137,2026,28
Islamic Relief,1142,2011,33
Islamic Relief,1142,2012,57
Islamic Relief,1142,2013,91
Islamic Relief,1142,2014,123
Islamic Relief,1142,2015,102
Islamic Relief,1142,2016,83
Islamic Relief,1142,2017,102
Islamic Relief,1142,2018,132
Islamic Relief,1142,2019,146
Islamic Relief,1142,2020,109
Islamic Relief,1142,2021,157
Islamic Relief,1142,2022,197
Islamic Relief,1142,2023,187
Islamic Relief,1142,2024,162
Islamic Relief,1142,2025,141
Islamic Relief,1142,2026,25
Médicos del Mundo,1150,2011,18
Médicos del Mundo,1150,2012,24
Médicos del Mundo,1150,2013,23
Médicos del Mundo,1150,2014,45
Médicos del Mundo,1150,2015,40
Médicos del Mundo,1150,2016,60
Médicos del Mundo,1150,2017,43
Médicos del Mundo,1150,2018,41
Médicos del Mundo,1150,2019,73
Médicos del Mundo,1150,2020,49
Médicos del Mundo,1150,2021,95
Médicos del Mundo,1150,2022,114
Médicos del Mundo,1150,2023,61
Médicos del Mundo,1150,2024,47
Médicos del Mundo,1150,2025,38
Médicos del Mundo,1150,2026,22
Pacific Community,1168,2011,1
Pacific Community,1168,2012,12
Pacific Community,1168,2013,6
Pacific Community,1168,2014,3
Pacific Community,1168,2015,16
Pacific Community,1168,2016,38
Pacific Community,1168,2017,41
Pacific Community,1168,2018,67
Pacific Community,1168,2019,105
Pacific Community,1168,2020,107
Pacific Community,1168,2021,169
Pacific Community,1168,2022,148
Pacific Community,1168,2023,290
Pacific Community,1168,2024,260
Pacific Community,1168,2025,193
Pacific Community,1168,2026,123
Oxfam Intermón,1190,2011,66
Oxfam Intermón,1190,2012,82
Oxfam Intermón,1190,2013,56
Oxfam Intermón,1190,2014,93
Oxfam Intermón,1190,2015,89
Oxfam Intermón,1190,2016,91
Oxfam Intermón,1190,2017,77
Oxfam Intermón,1190,2018,63
Oxfam Intermón,1190,2019,83
Oxfam Intermón,1190,2020,58
Oxfam Intermón,1190,2021,41
Oxfam Intermón,1190,2022,43
Oxfam Intermón,1190,2023,24
Oxfam Intermón,1190,2024,16
Oxfam Intermón,1190,2025,11
MSI Reproductive Choices,1204,2011,9
MSI Reproductive Choices,1204,2012,59
MSI Reproductive Choices,1204,2013,101
MSI Reproductive Choices,1204,2014,60
MSI Reproductive Choices,1204,2015,132
MSI Reproductive Choices,1204,2016,123
MSI Reproductive Choices,1204,2017,174
MSI Reproductive Choices,1204,2018,100
MSI Reproductive Choices,1204,2019,97
MSI Reproductive Choices,1204,2020,11
MSI Reproductive Choices,1204,2021,15
MSI Reproductive Choices,1204,2022,49
MSI Reproductive Choices,1204,2023,57
MSI Reproductive Choices,1204,2024,50
MSI Reproductive Choices,1204,2025,21
MSI Reproductive Choices,1204,2026,15
United Nations,1212,2011,8
United Nations,1212,2012,17
United Nations,1212,2013,11
United Nations,1212,2014,44
United Nations,1212,2015,33
United Nations,1212,2016,12
United Nations,1212,2017,12
United Nations,1212,2018,6
United Nations,1212,2019,41
United Nations,1212,2020,36
United Nations,1212,2021,17
United Nations,1212,2022,23
United Nations,1212,2023,129
United Nations,1212,2024,96
United Nations,1212,2025,57
United Nations,1212,2026,1
International Federation of Red Cross and Red Crescent Societies,1242,2011,68
International Federation of Red Cross and Red Crescent Societies,1242,2012,124
International Federation of Red Cross and Red Crescent Societies,1242,2013,63
International Federation of Red Cross and Red Crescent Societies,1242,2014,84
International Federation of Red Cross and Red Crescent Societies,1242,2015,96
International Federation of Red Cross and Red Crescent Societies,1242,2016,123
International Federation of Red Cross and Red Crescent Societies,1242,2017,149
International Federation of Red Cross and Red Crescent Societies,1242,2018,156
International Federation of Red Cross and Red Crescent Societies,1242,2019,183
International Federation of Red Cross and Red Crescent Societies,1242,2020,217
International Federation of Red Cross and Red Crescent Societies,1242,2021,245
International Federation of Red Cross and Red Crescent Societies,1242,2022,242
International Federation of Red Cross and Red Crescent Societies,1242,2023,246
International Federation of Red Cross and Red Crescent Societies,1242,2024,153
International Federation of Red Cross and Red Crescent Societies,1242,2025,64
International Federation of Red Cross and Red Crescent Societies,1242,2026,18
Sightsavers,1246,2011,10
Sightsavers,1246,2012,20
Sightsavers,1246,2013,21
Sightsavers,1246,2014,54
Sightsavers,1246,2015,49
Sightsavers,1246,2016,80
Sightsavers,1246,2017,90
Sightsavers,1246,2018,124
Sightsavers,1246,2019,102
Sightsavers,1246,2020,76
Sightsavers,1246,2021,108
Sightsavers,1246,2022,154
Sightsavers,1246,2023,113
Sightsavers,1246,2024,142
Sightsavers,1246,2025,67
Sightsavers,1246,2026,47
International Organization for Migration,1255,2011,62
International Organization for Migration,1255,2012,173
International Organization for Migration,1255,2013,222
International Organization for Migration,1255,2014,554
International Organization for Migration,1255,2015,366
International Organization for Migration,1255,2016,817
International Organization for Migration,1255,2017,994
International Organization for Migration,1255,2018,1230
International Organization for Migration,1255,2019,1440
International Organization for Migration,1255,2020,1207
International Organization for Migration,1255,2021,1834
International Organization for Migration,1255,2022,2049
International Organization for Migration,1255,2023,2155
International Organization for Migration,1255,2024,1739
International Organization for Migration,1255,2025,428
International Organization for Migration,1255,2026,385
International Alert,1260,2011,24
International Alert,1260,2012,33
International Alert,1260,2013,15
International Alert,1260,2014,47
International Alert,1260,2015,49
International Alert,1260,2016,47
International Alert,1260,2017,43
International Alert,1260,2018,45
International Alert,1260,2019,36
International Alert,1260,2020,32
International Alert,1260,2021,43
International Alert,1260,2022,35
International Alert,1260,2023,52
International Alert,1260,2024,28
International Alert,1260,2025,16
International Alert,1260,2026,3
World Health Organization,1275,2011,4
World Health Organization,1275,2012,5
World Health Organization,1275,2013,35
World Health Organization,1275,2014,25
World Health Organization,1275,2015,43
World Health Organization,1275,2016,42
World Health Organization,1275,2017,39
World Health Organization,1275,2018,35
World Health Organization,1275,2019,49
World Health Organization,1275,2020,44
World Health Organization,1275,2021,67
World Health Organization,1275,2022,56
World Health Organization,1275,2023,75
World Health Organization,1275,2024,28
World Health Organization,1275,2025,32
World Health Organization,1275,2026,17
Voluntary Service Overseas,1287,2011,24
Voluntary Service Overseas,1287,2012,125
Voluntary Service Overseas,1287,2013,110
Voluntary Service Overseas,1287,2014,46
Voluntary Service Overseas,1287,2015,121
Voluntary Service Overseas,1287,2016,134
Voluntary Service Overseas,1287,2017,166
Voluntary Service Overseas,1287,2018,148
Voluntary Service Overseas,1287,2019,157
Voluntary Service Overseas,1287,2020,58
Voluntary Service Overseas,1287,2021,42
Voluntary Service Overseas,1287,2022,38
Voluntary Service Overseas,1287,2023,34
Voluntary Service Overseas,1287,2024,3
Voluntary Service Overseas,1287,2025,1
UN Development Programme,1293,2011,132
UN Development Programme,1293,2012,188
UN Development Programme,1293,2013,120
UN Development Programme,1293,2014,103
UN Development Programme,1293,2015,78
UN Development Programme,1293,2016,93
UN Development Programme,1293,2017,105
UN Development Programme,1293,2018,113
UN Development Programme,1293,2019,85
UN Development Programme,1293,2020,53
UN Development Programme,1293,2021,51
UN Development Programme,1293,2022,35
UN Development Programme,1293,2023,29
UN Development Programme,1293,2024,96
UN Development Programme,1293,2025,54
UN Development Programme,1293,2026,74
UN Volunteers,1317,2011,2
UN Volunteers,1317,2012,7
UN Volunteers,1317,2013,26
UN Volunteers,1317,2014,13
UN Volunteers,1317,2015,24
UN Volunteers,1317,2016,6
UN Volunteers,1317,2017,5
UN Volunteers,1317,2018,7
UN Volunteers,1317,2019,74
UN Volunteers,1317,2020,95
UN Volunteers,1317,2021,2
UN Volunteers,1317,2022,89
UN Volunteers,1317,2023,21
UN Volunteers,1317,2024,135
UN Volunteers,1317,2025,29
UN Volunteers,1317,2026,13
Norwegian Refugee Council,1331,2011,87
Norwegian Refugee Council,1331,2012,174
Norwegian Refugee Council,1331,2013,263
Norwegian Refugee Council,1331,2014,268
Norwegian Refugee Council,1331,2015,270
Norwegian Refugee Council,1331,2016,574
Norwegian Refugee Council,1331,2017,482
Norwegian Refugee Council,1331,2018,471
Norwegian Refugee Council,1331,2019,544
Norwegian Refugee Council,1331,2020,522
Norwegian Refugee Council,1331,2021,720
Norwegian Refugee Council,1331,2022,927
Norwegian Refugee Council,1331,2023,956
Norwegian Refugee Council,1331,2024,662
Norwegian Refugee Council,1331,2025,329
Norwegian Refugee Council,1331,2026,274
Lutheran World Federation,1335,2011,4
Lutheran World Federation,1335,2012,10
Lutheran World Federation,1335,2013,14
Lutheran World Federation,1335,2014,37
Lutheran World Federation,1335,2015,64
Lutheran World Federation,1335,2016,54
Lutheran World Federation,1335,2017,99
Lutheran World Federation,1335,2018,58
Lutheran World Federation,1335,2019,49
Lutheran World Federation,1335,2020,24
Lutheran World Federation,1335,2021,44
Lutheran World Federation,1335,2022,75
Lutheran World Federation,1335,2023,38
Lutheran World Federation,1335,2024,51
Lutheran World Federation,1335,2025,58
Lutheran World Federation,1335,2026,14
INTERSOS,1339,2011,10
INTERSOS,1339,2012,67
INTERSOS,1339,2013,109
INTERSOS,1339,2014,108
INTERSOS,1339,2015,170
INTERSOS,1339,2016,234
INTERSOS,1339,2017,267
INTERSOS,1339,2018,493
INTERSOS,1339,2019,535
INTERSOS,1339,2020,402
INTERSOS,1339,2021,458
INTERSOS,1339,2022,643
INTERSOS,1339,2023,588
INTERSOS,1339,2024,321
INTERSOS,1339,2025,213
INTERSOS,1339,2026,182
UNOPS,1356,2011,92
UNOPS,1356,2012,63
UNOPS,1356,2013,56
UNOPS,1356,2014,82
UNOPS,1356,2015,163
UNOPS,1356,2016,194
UNOPS,1356,2017,194
UNOPS,1356,2018,865
UNOPS,1356,2019,985
UNOPS,1356,2020,569
UNOPS,1356,2021,737
UNOPS,1356,2022,576
UNOPS,1356,2023,537
UNOPS,1356,2024,384
UNOPS,1356,2025,173
UNOPS,1356,2026,72
Samaritan's Purse,1363,2011,44
Samaritan's Purse,1363,2012,57
Samaritan's Purse,1363,2013,89
Samaritan's Purse,1363,2014,61
Samaritan's Purse,1363,2015,53
Samaritan's Purse,1363,2016,26
Samaritan's Purse,1363,2017,37
Samaritan's Purse,1363,2018,48
Samaritan's Purse,1363,2019,35
Samaritan's Purse,1363,2020,26
Samaritan's Purse,1363,2021,53
Samaritan's Purse,1363,2022,47
Samaritan's Purse,1363,2023,49
Samaritan's Purse,1363,2024,47
Samaritan's Purse,1363,2025,16
Samaritan's Purse,1363,2026,18
Tearfund,1373,2011,57
Tearfund,1373,2012,37
Tearfund,1373,2013,59
Tearfund,1373,2014,62
Tearfund,1373,2015,95
Tearfund,1373,2016,136
Tearfund,1373,2017,108
Tearfund,1373,2018,93
Tearfund,1373,2019,90
Tearfund,1373,2020,56
Tearfund,1373,2021,61
Tearfund,1373,2022,88
Tearfund,1373,2023,59
Tearfund,1373,2024,73
Tearfund,1373,2025,28
Tearfund,1373,2026,30
Population Services International,1400,2011,86
Population Services International,1400,2012,180
Population Services International,1400,2013,184
Population Services International,1400,2014,161
Population Services International,1400,2015,184
Population Services International,1400,2016,170
Population Services International,1400,2017,226
Population Services International,1400,2018,260
Population Services International,1400,2019,190
Population Services International,1400,2020,141
Population Services International,1400,2021,176
Population Services International,1400,2022,177
Population Services International,1400,2023,93
Population Services International,1400,2024,97
Population Services International,1400,2025,41
Population Services International,1400,2026,1
CARE,1457,2011,46
CARE,1457,2012,157
CARE,1457,2013,162
CARE,1457,2014,113
CARE,1457,2015,183
CARE,1457,2016,257
CARE,1457,2017,252
CARE,1457,2018,269
CARE,1457,2019,266
CARE,1457,2020,263
CARE,1457,2021,315
CARE,1457,2022,429
CARE,1457,2023,160
CARE,1457,2024,56
CARE,1457,2025,117
CARE,1457,2026,25
MENTOR Initiative,1474,2011,27
MENTOR Initiative,1474,2012,63
MENTOR Initiative,1474,2013,37
MENTOR Initiative,1474,2014,74
MENTOR Initiative,1474,2015,42
MENTOR Initiative,1474,2016,26
MENTOR Initiative,1474,2017,26
MENTOR Initiative,1474,2018,35
MENTOR Initiative,1474,2019,32
MENTOR Initiative,1474,2020,20
MENTOR Initiative,1474,2021,33
MENTOR Initiative,1474,2022,48
MENTOR Initiative,1474,2023,44
MENTOR Initiative,1474,2024,21
MENTOR Initiative,1474,2025,11
MENTOR Initiative,1474,2026,6
UN Relief and Works Agency for Palestine Refugees in the Near East,1484,2011,64
UN Relief and Works Agency for Palestine Refugees in the Near East,1484,2012,139
UN Relief and Works Agency for Palestine Refugees in the Near East,1484,2013,173
UN Relief and Works Agency for Palestine Refugees in the Near East,1484,2014,176
UN Relief and Works Agency for Palestine Refugees in the Near East,1484,2015,170
UN Relief and Works Agency for Palestine Refugees in the Near East,1484,2016,168
UN Relief and Works Agency for Palestine Refugees in the Near East,1484,2017,238
UN Relief and Works Agency for Palestine Refugees in the Near East,1484,2018,149
UN Relief and Works Agency for Palestine Refugees in the Near East,1484,2019,182
UN Relief and Works Agency for Palestine Refugees in the Near East,1484,2020,192
UN Relief and Works Agency for Palestine Refugees in the Near East,1484,2021,339
UN Relief and Works Agency for Palestine Refugees in the Near East,1484,2022,170
UN Relief and Works Agency for Palestine Refugees in the Near East,1484,2023,179
UN Relief and Works Agency for Palestine Refugees in the Near East,1484,2024,108
UN Relief and Works Agency for Palestine Refugees in the Near East,1484,2025,34
UN Relief and Works Agency for Palestine Refugees in the Near East,1484,2026,35
UN Office for the Coordination of Humanitarian Affairs,1503,2011,118
UN Office for the Coordination of Humanitarian Affairs,1503,2012,158
UN Office for the Coordination of Humanitarian Affairs,1503,2013,153
UN Office for the Coordination of Humanitarian Affairs,1503,2014,212
UN Office for the Coordination of Humanitarian Affairs,1503,2015,256
UN Office for the Coordination of Humanitarian Affairs,1503,2016,41
UN Office for the Coordination of Humanitarian Affairs,1503,2017,24
UN Office for the Coordination of Humanitarian Affairs,1503,2018,411
UN Office for the Coordination of Humanitarian Affairs,1503,2019,353
UN Office for the Coordination of Humanitarian Affairs,1503,2020,341
UN Office for the Coordination of Humanitarian Affairs,1503,2021,375
UN Office for the Coordination of Humanitarian Affairs,1503,2022,495
UN Office for the Coordination of Humanitarian Affairs,1503,2023,521
UN Office for the Coordination of Humanitarian Affairs,1503,2024,379
UN Office for the Coordination of Humanitarian Affairs,1503,2025,60
UN Office for the Coordination of Humanitarian Affairs,1503,2026,50
Terre des hommes,1508,2011,4
Terre des hommes,1508,2012,1
Terre des hommes,1508,2013,2
Terre des hommes,1508,2014,50
Terre des hommes,1508,2015,39
Terre des hommes,1508,2016,98
Terre des hommes,1508,2017,134
Terre des hommes,1508,2018,55
Terre des hommes,1508,2019,45
Terre des hommes,1508,2020,67
Terre des hommes,1508,2021,107
Terre des hommes,1508,2022,115
Terre des hommes,1508,2023,110
Terre des hommes,1508,2024,113
Terre des hommes,1508,2025,70
Terre des hommes,1508,2026,51
International Research and Exchanges Board,1584,2011,3
International Research and Exchanges Board,1584,2012,3
International Research and Exchanges Board,1584,2013,9
International Research and Exchanges Board,1584,2014,160
International Research and Exchanges Board,1584,2015,75
International Research and Exchanges Board,1584,2016,6
International Research and Exchanges Board,1584,2017,19
International Research and Exchanges Board,1584,2018,2
International Research and Exchanges Board,1584,2019,51
International Research and Exchanges Board,1584,2020,35
International Research and Exchanges Board,1584,2021,55
International Research and Exchanges Board,1584,2022,114
International Research and Exchanges Board,1584,2023,134
International Research and Exchanges Board,1584,2024,28
Internews,1587,2011,39
Internews,1587,2012,81
Internews,1587,2013,67
Internews,1587,2014,76
Internews,1587,2015,100
Internews,1587,2016,112
Internews,1587,2017,87
Internews,1587,2018,59
Internews,1587,2019,58
Internews,1587,2020,138
Internews,1587,2021,190
Internews,1587,2022,216
Internews,1587,2023,135
Internews,1587,2024,109
Internews,1587,2025,5
Management Sciences for Health,1615,2011,90
Management Sciences for Health,1615,2012,172
Management Sciences for Health,1615,2013,147
Management Sciences for Health,1615,2014,139
Management Sciences for Health,1615,2015,275
Management Sciences for Health,1615,2016,197
Management Sciences for Health,1615,2017,98
Management Sciences for Health,1615,2018,104
Management Sciences for Health,1615,2019,60
Management Sciences for Health,1615,2020,76
Management Sciences for Health,1615,2021,86
Management Sciences for Health,1615,2022,60
Management Sciences for Health,1615,2023,25
Management Sciences for Health,1615,2024,20
Management Sciences for Health,1615,2025,4
Management Systems International,1623,2011,287
Management Systems International,1623,2012,413
Management Systems International,1623,2013,455
Management Systems International,1623,2014,480
Management Systems International,1623,2015,391
Management Systems International,1623,2016,459
Management Systems International,1623,2017,417
Management Systems International,1623,2018,378
Management Systems International,1623,2019,449
Management Systems International,1623,2020,370
Management Systems International,1623,2021,286
Management Systems International,1623,2022,27
Management Systems International,1623,2023,45
Management Systems International,1623,2024,78
Management Systems International,1623,2025,3
National Democratic Institute,1637,2011,66
National Democratic Institute,1637,2012,34
National Democratic Institute,1637,2013,62
National Democratic Institute,1637,2014,92
National Democratic Institute,1637,2015,56
National Democratic Institute,1637,2016,40
National Democratic Institute,1637,2017,14
National Democratic Institute,1637,2018,41
National Democratic Institute,1637,2019,77
National Democratic Institute,1637,2020,39
National Democratic Institute,1637,2021,37
National Democratic Institute,1637,2022,99
National Democratic Institute,1637,2023,84
National Democratic Institute,1637,2024,21
National Democratic Institute,1637,2026,1
One Acre Fund,1646,2011,1
One Acre Fund,1646,2013,2
One Acre Fund,1646,2014,44
One Acre Fund,1646,2015,6
One Acre Fund,1646,2016,6
One Acre Fund,1646,2017,10
One Acre Fund,1646,2018,6
One Acre Fund,1646,2019,100
One Acre Fund,1646,2020,95
One Acre Fund,1646,2021,22
One Acre Fund,1646,2022,2
One Acre Fund,1646,2023,12
One Acre Fund,1646,2024,69
One Acre Fund,1646,2025,170
One Acre Fund,1646,2026,257
Nonviolent Peaceforce,1647,2011,13
Nonviolent Peaceforce,1647,2012,44
Nonviolent Peaceforce,1647,2013,21
Nonviolent Peaceforce,1647,2014,22
Nonviolent Peaceforce,1647,2015,23
Nonviolent Peaceforce,1647,2016,20
Nonviolent Peaceforce,1647,2017,52
Nonviolent Peaceforce,1647,2018,41
Nonviolent Peaceforce,1647,2019,37
Nonviolent Peaceforce,1647,2020,27
Nonviolent Peaceforce,1647,2021,76
Nonviolent Peaceforce,1647,2022,66
Nonviolent Peaceforce,1647,2023,37
Nonviolent Peaceforce,1647,2024,51
Nonviolent Peaceforce,1647,2025,65
Nonviolent Peaceforce,1647,2026,67
Pact,1663,2011,69
Pact,1663,2012,199
Pact,1663,2013,229
Pact,1663,2014,148
Pact,1663,2015,169
Pact,1663,2016,218
Pact,1663,2017,252
Pact,1663,2018,170
Pact,1663,2019,203
Pact,1663,2020,164
Pact,1663,2021,150
Pact,1663,2022,173
Pact,1663,2023,137
Pact,1663,2024,80
Pact,1663,2025,11
Pact,1663,2026,1
Search for Common Ground,1692,2011,18
Search for Common Ground,1692,2012,37
Search for Common Ground,1692,2013,65
Search for Common Ground,1692,2014,103
Search for Common Ground,1692,2015,70
Search for Common Ground,1692,2016,108
Search for Common Ground,1692,2017,103
Search for Common Ground,1692,2018,176
Search for Common Ground,1692,2019,116
Search for Common Ground,1692,2020,109
Search for Common Ground,1692,2021,146
Search for Common Ground,1692,2022,49
Search for Common Ground,1692,2023,60
Search for Common Ground,1692,2024,63
Search for Common Ground,1692,2025,20
Search for Common Ground,1692,2026,5
World Food Programme,1741,2011,31
World Food Programme,1741,2012,78
World Food Programme,1741,2013,150
World Food Programme,1741,2014,222
World Food Programme,1741,2015,287
World Food Programme,1741,2016,305
World Food Programme,1741,2017,300
World Food Programme,1741,2018,284
World Food Programme,1741,2019,288
World Food Programme,1741,2020,375
World Food Programme,1741,2021,290
World Food Programme,1741,2022,368
World Food Programme,1741,2023,432
World Food Programme,1741,2024,274
World Food Programme,1741,2025,105
World Food Programme,1741,2026,41
US Agency for International Development,1751,2011,60
US Agency for International Development,1751,2012,129
US Agency for International Development,1751,2013,77
US Agency for International Development,1751,2014,106
US Agency for International Development,1751,2015,193
US Agency for International Development,1751,2016,188
US Agency for International Development,1751,2017,166
US Agency for International Development,1751,2018,184
US Agency for International Development,1751,2019,267
US Agency for International Development,1751,2020,234
US Agency for International Development,1751,2021,225
US Agency for International Development,1751,2022,269
US Agency for International Development,1751,2023,160
US Agency for International Development,1751,2024,106
US Agency for International Development,1751,2025,8
UN Human Settlements Program,1776,2011,45
UN Human Settlements Program,1776,2012,34
UN Human Settlements Program,1776,2013,32
UN Human Settlements Program,1776,2014,151
UN Human Settlements Program,1776,2015,171
UN Human Settlements Program,1776,2016,95
UN Human Settlements Program,1776,2017,141
UN Human Settlements Program,1776,2018,56
UN Human Settlements Program,1776,2019,36
UN Human Settlements Program,1776,2020,14
UN Human Settlements Program,1776,2021,16
UN Human Settlements Program,1776,2022,7
UN Human Settlements Program,1776,2023,15
UN Human Settlements Program,1776,2024,11
UN Human Settlements Program,1776,2025,14
UN Human Settlements Program,1776,2026,12
"UN Educational, Scientific and Cultural Organization",1820,2011,23
"UN Educational, Scientific and Cultural Organization",1820,2012,70
"UN Educational, Scientific and Cultural Organization",1820,2013,34
"UN Educational, Scientific and Cultural Organization",1820,2014,46
"UN Educational, Scientific and Cultural Organization",1820,2015,71
"UN Educational, Scientific and Cultural Organization",1820,2016,45
"UN Educational, Scientific and Cultural Organization",1820,2017,74
"UN Educational, Scientific and Cultural Organization",1820,2018,96
"UN Educational, Scientific and Cultural Organization",1820,2019,117
"UN Educational, Scientific and Cultural Organization",1820,2020,42
"UN Educational, Scientific and Cultural Organization",1820,2021,20
"UN Educational, Scientific and Cultural Organization",1820,2022,34
"UN Educational, Scientific and Cultural Organization",1820,2023,32
"UN Educational, Scientific and Cultural Organization",1820,2024,40
"UN Educational, Scientific and Cultural Organization",1820,2025,37
"UN Educational, Scientific and Cultural Organization",1820,2026,17
Christian Aid,1879,2011,48
Christian Aid,1879,2012,49
Christian Aid,1879,2013,61
Christian Aid,1879,2014,66
Christian Aid,1879,2015,32
Christian Aid,1879,2016,23
Christian Aid,1879,2017,67
Christian Aid,1879,2018,72
Christian Aid,1879,2019,62
Christian Aid,1879,2020,35
Christian Aid,1879,2021,31
Christian Aid,1879,2022,67
Christian Aid,1879,2023,28
Christian Aid,1879,2024,27
Christian Aid,1879,2025,91
Christian Aid,1879,2026,45
Coffey,1896,2011,23
Coffey,1896,2012,90
Coffey,1896,2013,55
Coffey,1896,2014,88
Coffey,1896,2015,63
Coffey,1896,2016,54
Coffey,1896,2017,85
Coffey,1896,2018,127
Coffey,1896,2019,105
Coffey,1896,2020,77
Coffey,1896,2021,7
Mercy Corps,1929,2011,108
Mercy Corps,1929,2012,81
Mercy Corps,1929,2013,146
Mercy Corps,1929,2014,93
Mercy Corps,1929,2015,376
Mercy Corps,1929,2016,441
Mercy Corps,1929,2017,516
Mercy Corps,1929,2018,571
Mercy Corps,1929,2019,530
Mercy Corps,1929,2020,417
Mercy Corps,1929,2021,595
Mercy Corps,1929,2022,574
Mercy Corps,1929,2023,460
Mercy Corps,1929,2024,357
Mercy Corps,1929,2025,120
Mercy Corps,1929,2026,75
Humanity & Inclusion,1950,2011,83
Humanity & Inclusion,1950,2012,196
Humanity & Inclusion,1950,2013,261
Humanity & Inclusion,1950,2014,433
Humanity & Inclusion,1950,2015,519
Humanity & Inclusion,1950,2016,764
Humanity & Inclusion,1950,2017,888
Humanity & Inclusion,1950,2018,906
Humanity & Inclusion,1950,2019,888
Humanity & Inclusion,1950,2020,467
Humanity & Inclusion,1950,2021,647
Humanity & Inclusion,1950,2022,646
Humanity & Inclusion,1950,2023,552
Humanity & Inclusion,1950,2024,456
Humanity & Inclusion,1950,2025,230
Humanity & Inclusion,1950,2026,170
Action contre la Faim France,1955,2012,4
Action contre la Faim France,1955,2013,43
Action contre la Faim France,1955,2014,72
Action contre la Faim France,1955,2015,23
Action contre la Faim France,1955,2016,55
Action contre la Faim France,1955,2017,352
Action contre la Faim France,1955,2018,435
Action contre la Faim France,1955,2019,430
Action contre la Faim France,1955,2020,379
Action contre la Faim France,1955,2021,631
Action contre la Faim France,1955,2022,1111
Action contre la Faim France,1955,2023,877
Action contre la Faim France,1955,2024,599
Action contre la Faim France,1955,2025,288
Action contre la Faim France,1955,2026,323
Action Against Hunger,1970,2011,44
Action Against Hunger,1970,2012,112
Action Against Hunger,1970,2013,262
Action Against Hunger,1970,2014,294
Action Against Hunger,1970,2015,164
Action Against Hunger,1970,2016,142
Action Against Hunger,1970,2017,196
Action Against Hunger,1970,2018,217
Action Against Hunger,1970,2019,114
Action Against Hunger,1970,2020,79
Action Against Hunger,1970,2021,88
Action Against Hunger,1970,2022,104
Action Against Hunger,1970,2023,88
Action Against Hunger,1970,2024,83
Action Against Hunger,1970,2025,35
Action Against Hunger,1970,2026,18
Oxfam GB,1972,2011,182
Oxfam GB,1972,2012,405
Oxfam GB,1972,2013,392
Oxfam GB,1972,2014,511
Oxfam GB,1972,2015,474
Oxfam GB,1972,2016,361
Oxfam GB,1972,2017,342
Oxfam GB,1972,2018,232
Oxfam GB,1972,2019,360
Oxfam GB,1972,2020,179
Oxfam GB,1972,2021,436
Oxfam GB,1972,2022,238
Oxfam GB,1972,2023,150
Oxfam GB,1972,2024,86
Oxfam GB,1972,2025,37
Oxfam GB,1972,2026,10
UN Children's Fund,1979,2011,489
UN Children's Fund,1979,2012,925
UN Children's Fund,1979,2013,1357
UN Children's Fund,1979,2014,1475
UN Children's Fund,1979,2015,1488
UN Children's Fund,1979,2016,1690
UN Children's Fund,1979,2017,3464
UN Children's Fund,1979,2018,4023
UN Children's Fund,1979,2019,3955
UN Children's Fund,1979,2020,1205
UN Children's Fund,1979,2021,38
UN Children's Fund,1979,2022,13
UN Children's Fund,1979,2023,7
UN Children's Fund,1979,2024,2
UN Children's Fund,1979,2025,3
UN Children's Fund,1979,2026,20
People in Need,1990,2011,14
People in Need,1990,2012,42
People in Need,1990,2013,39
People in Need,1990,2014,67
People in Need,1990,2015,52
People in Need,1990,2016,107
People in Need,1990,2017,90
People in Need,1990,2018,137
People in Need,1990,2019,160
People in Need,1990,2020,107
People in Need,1990,2021,157
People in Need,1990,2022,267
People in Need,1990,2023,113
People in Need,1990,2024,72
People in Need,1990,2025,41
People in Need,1990,2026,57
Médecins du Monde,1992,2011,1
Médecins du Monde,1992,2014,5
Médecins du Monde,1992,2015,3
Médecins du Monde,1992,2016,134
Médecins du Monde,1992,2017,257
Médecins du Monde,1992,2018,276
Médecins du Monde,1992,2019,258
Médecins du Monde,1992,2020,207
Médecins du Monde,1992,2021,206
Médecins du Monde,1992,2022,174
Médecins du Monde,1992,2023,185
Médecins du Monde,1992,2024,204
Médecins du Monde,1992,2025,144
Médecins du Monde,1992,2026,69
Mines Advisory Group,2000,2011,34
Mines Advisory Group,2000,2012,62
Mines Advisory Group,2000,2013,72
Mines Advisory Group,2000,2014,32
Mines Advisory Group,2000,2015,43
Mines Advisory Group,2000,2016,86
Mines Advisory Group,2000,2017,112
Mines Advisory Group,2000,2018,129
Mines Advisory Group,2000,2019,130
Mines Advisory Group,2000,2020,82
Mines Advisory Group,2000,2021,100
Mines Advisory Group,2000,2022,82
Mines Advisory Group,2000,2023,114
Mines Advisory Group,2000,2024,139
Mines Advisory Group,2000,2025,56
Mines Advisory Group,2000,2026,74
Solidarités International,2002,2011,5
Solidarités International,2002,2012,106
Solidarités International,2002,2013,58
Solidarités International,2002,2014,104
Solidarités International,2002,2015,201
Solidarités International,2002,2016,301
Solidarités International,2002,2017,362
Solidarités International,2002,2018,374
Solidarités International,2002,2019,439
Solidarités International,2002,2020,418
Solidarités International,2002,2021,466
Solidarités International,2002,2022,861
Solidarités International,2002,2023,1323
Solidarités International,2002,2024,1039
Solidarités International,2002,2025,426
Solidarités International,2002,2026,176
Oxfam,2007,2011,18
Oxfam,2007,2012,27
Oxfam,2007,2013,55
Oxfam,2007,2014,78
Oxfam,2007,2015,121
Oxfam,2007,2016,168
Oxfam,2007,2017,214
Oxfam,2007,2018,237
Oxfam,2007,2019,211
Oxfam,2007,2020,103
Oxfam,2007,2021,280
Oxfam,2007,2022,250
Oxfam,2007,2023,200
Oxfam,2007,2024,195
Oxfam,2007,2025,112
Oxfam,2007,2026,44
International Rescue Committee,2012,2011,240
International Rescue Committee,2012,2012,364
International Rescue Committee,2012,2013,527
International Rescue Committee,2012,2014,658
International Rescue Committee,2012,2015,802
International Rescue Committee,2012,2016,752
International Rescue Committee,2012,2017,1122
International Rescue Committee,2012,2018,1134
International Rescue Committee,2012,2019,998
International Rescue Committee,2012,2020,581
International Rescue Committee,2012,2021,625
International Rescue Committee,2012,2022,2143
International Rescue Committee,2012,2023,2344
International Rescue Committee,2012,2024,1791
International Rescue Committee,2012,2025,1003
International Rescue Committee,2012,2026,699
United States Institute of Peace,2017,2012,1
United States Institute of Peace,2017,2013,2
United States Institute of Peace,2017,2014,9
United States Institute of Peace,2017,2015,5
United States Institute of Peace,2017,2016,36
United States Institute of Peace,2017,2017,20
United States Institute of Peace,2017,2018,63
United States Institute of Peace,2017,2019,63
United States Institute of Peace,2017,2020,59
United States Institute of Peace,2017,2021,83
United States Institute of Peace,2017,2022,80
United States Institute of Peace,2017,2023,95
United States Institute of Peace,2017,2024,126
International Medical Corps,2019,2011,204
International Medical Corps,2019,2012,347
International Medical Corps,2019,2013,463
International Medical Corps,2019,2014,572
International Medical Corps,2019,2015,1092
International Medical Corps,2019,2016,521
International Medical Corps,2019,2017,340
International Medical Corps,2019,2018,204
International Medical Corps,2019,2019,267
International Medical Corps,2019,2020,228
International Medical Corps,2019,2021,203
International Medical Corps,2019,2022,313
International Medical Corps,2019,2023,266
International Medical Corps,2019,2024,146
International Medical Corps,2019,2025,47
International Medical Corps,2019,2026,74
Relief International,2024,2011,70
Relief International,2024,2012,121
Relief International,2024,2013,101
Relief International,2024,2014,110
Relief International,2024,2015,189
Relief International,2024,2016,275
Relief International,2024,2017,229
Relief International,2024,2018,306
Relief International,2024,2019,233
Relief International,2024,2020,166
Relief International,2024,2021,141
Relief International,2024,2022,186
Relief International,2024,2023,179
Relief International,2024,2024,134
Relief International,2024,2025,84
Relief International,2024,2026,78
Adeso,2054,2011,21
Adeso,2054,2012,39
Adeso,2054,2013,77
Adeso,2054,2014,84
Adeso,2054,2015,86
Adeso,2054,2016,87
Adeso,2054,2017,79
Adeso,2054,2018,76
Adeso,2054,2019,37
Adeso,2054,2020,32
Adeso,2054,2021,31
Adeso,2054,2022,43
Adeso,2054,2023,13
Adeso,2054,2024,8
Adeso,2054,2025,11
Adeso,2054,2026,6
American Bar Association,2113,2011,33
American Bar Association,2113,2012,65
American Bar Association,2113,2013,70
American Bar Association,2113,2014,85
American Bar Association,2113,2015,81
American Bar Association,2113,2016,52
American Bar Association,2113,2017,62
American Bar Association,2113,2018,78
American Bar Association,2113,2019,107
American Bar Association,2113,2020,188
American Bar Association,2113,2021,298
American Bar Association,2113,2022,286
American Bar Association,2113,2023,169
American Bar Association,2113,2024,252
American Bar Association,2113,2025,9
DAI Global,2114,2011,40
DAI Global,2114,2012,91
DAI Global,2114,2013,151
DAI Global,2114,2014,143
DAI Global,2114,2015,197
DAI Global,2114,2016,160
DAI Global,2114,2017,119
DAI Global,2114,2018,149
DAI Global,2114,2019,194
DAI Global,2114,2020,123
DAI Global,2114,2021,181
DAI Global,2114,2022,200
DAI Global,2114,2023,231
DAI Global,2114,2024,301
DAI Global,2114,2025,16
Acción contra el Hambre España,2325,2011,3
Acción contra el Hambre España,2325,2014,13
Acción contra el Hambre España,2325,2015,7
Acción contra el Hambre España,2325,2016,140
Acción contra el Hambre España,2325,2017,309
Acción contra el Hambre España,2325,2018,360
Acción contra el Hambre España,2325,2019,317
Acción contra el Hambre España,2325,2020,168
Acción contra el Hambre España,2325,2021,353
Acción contra el Hambre España,2325,2022,231
Acción contra el Hambre España,2325,2023,246
Acción contra el Hambre España,2325,2024,267
Acción contra el Hambre España,2325,2025,120
Acción contra el Hambre España,2325,2026,65
HIAS,2337,2011,3
HIAS,2337,2012,14
HIAS,2337,2013,12
HIAS,2337,2014,2
HIAS,2337,2015,6
HIAS,2337,2016,41
HIAS,2337,2017,26
HIAS,2337,2018,19
HIAS,2337,2019,81
HIAS,2337,2020,46
HIAS,2337,2021,94
HIAS,2337,2022,203
HIAS,2337,2023,198
HIAS,2337,2024,87
HIAS,2337,2025,6
Malaria Consortium,2341,2011,34
Malaria Consortium,2341,2012,67
Malaria Consortium,2341,2013,104
Malaria Consortium,2341,2014,83
Malaria Consortium,2341,2015,77
Malaria Consortium,2341,2016,61
Malaria Consortium,2341,2017,70
Malaria Consortium,2341,2018,108
Malaria Consortium,2341,2019,59
Malaria Consortium,2341,2020,49
Malaria Consortium,2341,2021,35
Malaria Consortium,2341,2022,28
Malaria Consortium,2341,2023,27
Malaria Consortium,2341,2024,13
Malaria Consortium,2341,2025,8
Geneva Call,2351,2012,2
Geneva Call,2351,2013,2
Geneva Call,2351,2014,3
Geneva Call,2351,2015,2
Geneva Call,2351,2016,7
Geneva Call,2351,2017,18
Geneva Call,2351,2018,30
Geneva Call,2351,2019,18
Geneva Call,2351,2020,35
Geneva Call,2351,2021,62
Geneva Call,2351,2022,84
Geneva Call,2351,2023,133
Geneva Call,2351,2024,71
Geneva Call,2351,2025,43
Geneva Call,2351,2026,37
Christian Blind Mission,2418,2011,18
Christian Blind Mission,2418,2012,43
Christian Blind Mission,2418,2013,42
Christian Blind Mission,2418,2014,29
Christian Blind Mission,2418,2015,21
Christian Blind Mission,2418,2016,47
Christian Blind Mission,2418,2017,51
Christian Blind Mission,2418,2018,45
Christian Blind Mission,2418,2019,67
Christian Blind Mission,2418,2020,75
Christian Blind Mission,2418,2021,94
Christian Blind Mission,2418,2022,71
Christian Blind Mission,2418,2023,54
Christian Blind Mission,2418,2024,32
Christian Blind Mission,2418,2025,37
Christian Blind Mission,2418,2026,42
International Republican Institute,2644,2013,2
International Republican Institute,2644,2017,29
International Republican Institute,2644,2018,24
International Republican Institute,2644,2019,32
International Republican Institute,2644,2020,41
International Republican Institute,2644,2021,156
International Republican Institute,2644,2022,201
International Republican Institute,2644,2023,97
International Republican Institute,2644,2024,82
International Republican Institute,2644,2025,4
Social Impact,2728,2012,39
Social Impact,2728,2013,67
Social Impact,2728,2014,130
Social Impact,2728,2015,135
Social Impact,2728,2016,234
Social Impact,2728,2017,206
Social Impact,2728,2018,238
Social Impact,2728,2019,182
Social Impact,2728,2020,215
Social Impact,2728,2021,249
Social Impact,2728,2022,152
Social Impact,2728,2023,153
Social Impact,2728,2024,106
Social Impact,2728,2025,1
International Development Law Organization,2819,2011,5
International Development Law Organization,2819,2012,33
International Development Law Organization,2819,2013,21
International Development Law Organization,2819,2014,37
International Development Law Organization,2819,2015,36
International Development Law Organization,2819,2016,55
International Development Law Organization,2819,2017,8
International Development Law Organization,2819,2018,27
International Development Law Organization,2819,2019,36
International Development Law Organization,2819,2020,66
International Development Law Organization,2819,2021,64
International Development Law Organization,2819,2022,95
International Development Law Organization,2819,2023,100
International Development Law Organization,2819,2024,34
International Development Law Organization,2819,2025,10
International Development Law Organization,2819,2026,3
Food and Agriculture Organization of the United Nations,2836,2011,36
Food and Agriculture Organization of the United Nations,2836,2012,36
Food and Agriculture Organization of the United Nations,2836,2013,133
Food and Agriculture Organization of the United Nations,2836,2014,155
Food and Agriculture Organization of the United Nations,2836,2015,146
Food and Agriculture Organization of the United Nations,2836,2016,174
Food and Agriculture Organization of the United Nations,2836,2017,55
Food and Agriculture Organization of the United Nations,2836,2018,39
Food and Agriculture Organization of the United Nations,2836,2019,23
Food and Agriculture Organization of the United Nations,2836,2020,32
Food and Agriculture Organization of the United Nations,2836,2021,12
Food and Agriculture Organization of the United Nations,2836,2022,26
Food and Agriculture Organization of the United Nations,2836,2023,18
Food and Agriculture Organization of the United Nations,2836,2024,3
Food and Agriculture Organization of the United Nations,2836,2025,9
Food and Agriculture Organization of the United Nations,2836,2026,1
HelpAge International,2855,2011,35
HelpAge International,2855,2012,58
HelpAge International,2855,2013,58
HelpAge International,2855,2014,57
HelpAge International,2855,2015,131
HelpAge International,2855,2016,51
HelpAge International,2855,2017,70
HelpAge International,2855,2018,62
HelpAge International,2855,2019,93
HelpAge International,2855,2020,43
HelpAge International,2855,2021,50
HelpAge International,2855,2022,102
HelpAge International,2855,2023,83
HelpAge International,2855,2024,55
HelpAge International,2855,2025,39
HelpAge International,2855,2026,22
Merlin,2859,2011,187
Merlin,2859,2012,285
Merlin,2859,2013,260
Merlin,2859,2014,10
Merlin,2859,2015,6
Save the Children UK,2862,2011,184
Save the Children UK,2862,2012,379
Save the Children UK,2862,2013,154
Save the Children UK,2862,2014,223
Save the Children UK,2862,2015,242
Save the Children UK,2862,2016,389
Save the Children UK,2862,2017,356
Save the Children UK,2862,2018,273
Save the Children UK,2862,2019,77
Save the Children UK,2862,2020,33
Save the Children UK,2862,2021,13
Save the Children UK,2862,2022,66
Save the Children UK,2862,2023,58
Save the Children UK,2862,2024,24
Save the Children UK,2862,2025,3
Save the Children UK,2862,2026,1
Norwegian People's Aid,2863,2011,2
Norwegian People's Aid,2863,2012,13
Norwegian People's Aid,2863,2013,18
Norwegian People's Aid,2863,2014,52
Norwegian People's Aid,2863,2015,57
Norwegian People's Aid,2863,2016,74
Norwegian People's Aid,2863,2017,52
Norwegian People's Aid,2863,2018,69
Norwegian People's Aid,2863,2019,57
Norwegian People's Aid,2863,2020,39
Norwegian People's Aid,2863,2021,49
Norwegian People's Aid,2863,2022,43
Norwegian People's Aid,2863,2023,51
Norwegian People's Aid,2863,2024,31
Norwegian People's Aid,2863,2025,7
Norwegian People's Aid,2863,2026,14
Save the Children,2865,2011,190
Save the Children,2865,2012,522
Save the Children,2865,2013,830
Save the Children,2865,2014,996
Save the Children,2865,2015,1237
Save the Children,2865,2016,1086
Save the Children,2865,2017,1316
Save the Children,2865,2018,1376
Save the Children,2865,2019,1736
Save the Children,2865,2020,1530
Save the Children,2865,2021,2720
Save the Children,2865,2022,2968
Save the Children,2865,2023,1109
Save the Children,2865,2024,477
Save the Children,2865,2025,296
Save the Children,2865,2026,86
Plan International,2866,2011,81
Plan International,2866,2012,171
Plan International,2866,2013,244
Plan International,2866,2014,241
Plan International,2866,2015,292
Plan International,2866,2016,288
Plan International,2866,2017,272
Plan International,2866,2018,325
Plan International,2866,2019,341
Plan International,2866,2020,303
Plan International,2866,2021,338
Plan International,2866,2022,381
Plan International,2866,2023,305
Plan International,2866,2024,278
Plan International,2866,2025,156
Plan International,2866,2026,222
UN High Commissioner for Refugees,2868,2011,157
UN High Commissioner for Refugees,2868,2012,182
UN High Commissioner for Refugees,2868,2013,162
UN High Commissioner for Refugees,2868,2014,264
UN High Commissioner for Refugees,2868,2015,349
UN High Commissioner for Refugees,2868,2016,278
UN High Commissioner for Refugees,2868,2017,463
UN High Commissioner for Refugees,2868,2018,565
UN High Commissioner for Refugees,2868,2019,860
UN High Commissioner for Refugees,2868,2020,1103
UN High Commissioner for Refugees,2868,2021,889
UN High Commissioner for Refugees,2868,2022,974
UN High Commissioner for Refugees,2868,2023,354
UN High Commissioner for Refugees,2868,2024,152
UN High Commissioner for Refugees,2868,2025,46
UN High Commissioner for Refugees,2868,2026,18
"International Business & Technical Consultants, Inc.",2877,2011,33
"International Business & Technical Consultants, Inc.",2877,2012,99
"International Business & Technical Consultants, Inc.",2877,2013,163
"International Business & Technical Consultants, Inc.",2877,2014,108
"International Business & Technical Consultants, Inc.",2877,2015,177
"International Business & Technical Consultants, Inc.",2877,2016,74
"International Business & Technical Consultants, Inc.",2877,2017,110
"International Business & Technical Consultants, Inc.",2877,2018,107
"International Business & Technical Consultants, Inc.",2877,2019,49
"International Business & Technical Consultants, Inc.",2877,2020,30
"International Business & Technical Consultants, Inc.",2877,2021,26
"International Business & Technical Consultants, Inc.",2877,2022,67
"International Business & Technical Consultants, Inc.",2877,2023,219
"International Business & Technical Consultants, Inc.",2877,2024,197
"International Business & Technical Consultants, Inc.",2877,2025,14
Médecins Sans Frontières,2904,2011,48
Médecins Sans Frontières,2904,2012,92
Médecins Sans Frontières,2904,2013,110
Médecins Sans Frontières,2904,2014,153
Médecins Sans Frontières,2904,2015,259
Médecins Sans Frontières,2904,2016,300
Médecins Sans Frontières,2904,2017,338
Médecins Sans Frontières,2904,2018,354
Médecins Sans Frontières,2904,2019,343
Médecins Sans Frontières,2904,2020,257
Médecins Sans Frontières,2904,2021,512
Médecins Sans Frontières,2904,2022,714
Médecins Sans Frontières,2904,2023,666
Médecins Sans Frontières,2904,2024,522
Médecins Sans Frontières,2904,2025,497
Médecins Sans Frontières,2904,2026,320
Save the Children - US,2914,2011,45
Save the Children - US,2914,2012,62
Save the Children - US,2914,2013,65
Save the Children - US,2914,2014,47
Save the Children - US,2914,2015,88
Save the Children - US,2914,2016,76
Save the Children - US,2914,2017,87
Save the Children - US,2914,2018,101
Save the Children - US,2914,2019,100
Save the Children - US,2914,2020,79
Save the Children - US,2914,2021,94
Save the Children - US,2914,2022,116
Save the Children - US,2914,2023,90
Save the Children - US,2914,2024,61
Save the Children - US,2914,2025,1
SOS Children's Villages International,2915,2011,9
SOS Children's Villages International,2915,2012,16
SOS Children's Villages International,2915,2013,30
SOS Children's Villages International,2915,2014,70
SOS Children's Villages International,2915,2015,68
SOS Children's Villages International,2915,2016,115
SOS Children's Villages International,2915,2017,138
SOS Children's Villages International,2915,2018,97
SOS Children's Villages International,2915,2019,95
SOS Children's Villages International,2915,2020,114
SOS Children's Villages International,2915,2021,146
SOS Children's Villages International,2915,2022,140
SOS Children's Villages International,2915,2023,99
SOS Children's Villages International,2915,2024,43
SOS Children's Villages International,2915,2025,60
SOS Children's Villages International,2915,2026,10
World Vision,2926,2011,195
World Vision,2926,2012,226
World Vision,2926,2013,269
World Vision,2926,2014,432
World Vision,2926,2015,286
World Vision,2926,2016,538
World Vision,2926,2017,491
World Vision,2926,2018,574
World Vision,2926,2019,561
World Vision,2926,2020,419
World Vision,2926,2021,531
World Vision,2926,2022,526
World Vision,2926,2023,427
World Vision,2926,2024,382
World Vision,2926,2025,204
World Vision,2926,2026,156
Winrock International,3120,2011,19
Winrock International,3120,2012,58
Winrock International,3120,2013,32
Winrock International,3120,2014,31
Winrock International,3120,2015,110
Winrock International,3120,2016,200
Winrock International,3120,2017,148
Winrock International,3120,2018,100
Winrock International,3120,2019,105
Winrock International,3120,2020,91
Winrock International,3120,2021,35
Winrock International,3120,2022,30
Winrock International,3120,2023,35
Winrock International,3120,2024,36
BRAC,3178,2013,2
BRAC,3178,2014,2
BRAC,3178,2015,31
BRAC,3178,2016,37
BRAC,3178,2017,57
BRAC,3178,2018,49
BRAC,3178,2019,72
BRAC,3178,2020,35
BRAC,3178,2021,38
BRAC,3178,2022,108
BRAC,3178,2023,65
BRAC,3178,2024,95
BRAC,3178,2025,50
BRAC,3178,2026,11
Jhpiego,3227,2012,5
Jhpiego,3227,2013,2
Jhpiego,3227,2014,2
Jhpiego,3227,2015,49
Jhpiego,3227,2016,127
Jhpiego,3227,2017,142
Jhpiego,3227,2018,78
Jhpiego,3227,2019,38
Jhpiego,3227,2020,104
Jhpiego,3227,2021,145
Jhpiego,3227,2022,127
Jhpiego,3227,2023,89
Jhpiego,3227,2024,49
Jhpiego,3227,2025,45
Terre des hommes foundation,3279,2011,32
Terre des hommes foundation,3279,2012,51
Terre des hommes foundation,3279,2013,54
Terre des hommes foundation,3279,2014,51
Terre des hommes foundation,3279,2015,26
Terre des hommes foundation,3279,2016,71
Terre des hommes foundation,3279,2017,121
Terre des hommes foundation,3279,2018,265
Terre des hommes foundation,3279,2019,155
Terre des hommes foundation,3279,2020,67
Terre des hommes foundation,3279,2021,35
Terre des hommes foundation,3279,2022,5
Terre des hommes foundation,3279,2023,2
Terre des hommes foundation,3279,2024,1
Terre des hommes foundation,3279,2025,8
Terre des hommes foundation,3279,2026,2
iMMAP Inc.,3286,2011,8
iMMAP Inc.,3286,2012,11
iMMAP Inc.,3286,2013,10
iMMAP Inc.,3286,2014,12
iMMAP Inc.,3286,2015,3
iMMAP Inc.,3286,2016,46
iMMAP Inc.,3286,2017,53
iMMAP Inc.,3286,2018,33
iMMAP Inc.,3286,2019,34
iMMAP Inc.,3286,2020,98
iMMAP Inc.,3286,2021,195
iMMAP Inc.,3286,2022,121
iMMAP Inc.,3286,2023,73
iMMAP Inc.,3286,2024,38
iMMAP Inc.,3286,2025,11
iMMAP Inc.,3286,2026,5
War Child Holland,3289,2011,14
War Child Holland,3289,2012,34
War Child Holland,3289,2013,18
War Child Holland,3289,2014,26
War Child Holland,3289,2015,48
War Child Holland,3289,2016,34
War Child Holland,3289,2017,33
War Child Holland,3289,2018,31
War Child Holland,3289,2019,37
War Child Holland,3289,2020,41
War Child Holland,3289,2021,47
War Child Holland,3289,2022,83
War Child Holland,3289,2023,65
War Child Holland,3289,2024,27
War Child Holland,3289,2025,14
War Child Holland,3289,2026,9
CTG (Committed To Good),3311,2011,37
CTG (Committed To Good),3311,2012,83
CTG (Committed To Good),3311,2013,130
CTG (Committed To Good),3311,2014,217
CTG (Committed To Good),3311,2015,278
CTG (Committed To Good),3311,2016,364
CTG (Committed To Good),3311,2017,290
CTG (Committed To Good),3311,2018,298
CTG (Committed To Good),3311,2019,373
CTG (Committed To Good),3311,2020,285
CTG (Committed To Good),3311,2021,339
CTG (Committed To Good),3311,2022,616
CTG (Committed To Good),3311,2023,456
CTG (Committed To Good),3311,2024,486
CTG (Committed To Good),3311,2025,276
CTG (Committed To Good),3311,2026,151
Spark,3351,2011,3
Spark,3351,2012,30
Spark,3351,2013,34
Spark,3351,2014,14
Spark,3351,2015,30
Spark,3351,2016,57
Spark,3351,2017,78
Spark,3351,2018,135
Spark,3351,2019,65
Spark,3351,2020,54
Spark,3351,2021,34
Spark,3351,2022,61
Spark,3351,2023,41
Spark,3351,2024,24
Spark,3351,2026,5
Oxfam Novib,3777,2011,29
Oxfam Novib,3777,2012,64
Oxfam Novib,3777,2013,48
Oxfam Novib,3777,2014,62
Oxfam Novib,3777,2015,68
Oxfam Novib,3777,2016,41
Oxfam Novib,3777,2017,206
Oxfam Novib,3777,2018,102
Oxfam Novib,3777,2019,149
Oxfam Novib,3777,2020,46
Oxfam Novib,3777,2021,59
Oxfam Novib,3777,2022,38
Oxfam Novib,3777,2023,46
Oxfam Novib,3777,2024,34
Oxfam Novib,3777,2025,17
Oxfam Novib,3777,2026,1
Secours Islamique France,3792,2011,6
Secours Islamique France,3792,2012,1
Secours Islamique France,3792,2013,17
Secours Islamique France,3792,2014,5
Secours Islamique France,3792,2015,10
Secours Islamique France,3792,2016,46
Secours Islamique France,3792,2017,233
Secours Islamique France,3792,2018,161
Secours Islamique France,3792,2019,118
Secours Islamique France,3792,2020,754
Secours Islamique France,3792,2021,255
Secours Islamique France,3792,2022,68
Secours Islamique France,3792,2023,66
Secours Islamique France,3792,2024,65
Secours Islamique France,3792,2025,21
Secours Islamique France,3792,2026,22
ICAP,3836,2011,32
ICAP,3836,2012,82
ICAP,3836,2013,202
ICAP,3836,2014,54
ICAP,3836,2015,225
ICAP,3836,2016,84
ICAP,3836,2017,85
ICAP,3836,2018,134
ICAP,3836,2019,197
ICAP,3836,2020,160
ICAP,3836,2021,152
ICAP,3836,2022,100
ICAP,3836,2023,50
ICAP,3836,2024,29
ICAP,3836,2025,8
Aga Khan Foundation,3870,2011,43
Aga Khan Foundation,3870,2012,26
Aga Khan Foundation,3870,2013,38
Aga Khan Foundation,3870,2014,56
Aga Khan Foundation,3870,2015,63
Aga Khan Foundation,3870,2016,76
Aga Khan Foundation,3870,2017,49
Aga Khan Foundation,3870,2018,44
Aga Khan Foundation,3870,2019,61
Aga Khan Foundation,3870,2020,55
Aga Khan Foundation,3870,2021,84
Aga Khan Foundation,3870,2022,92
Aga Khan Foundation,3870,2023,65
Aga Khan Foundation,3870,2024,67
Aga Khan Foundation,3870,2025,17
Aga Khan Foundation,3870,2026,10
Options Consultancy Services,4093,2011,8
Options Consultancy Services,4093,2012,10
Options Consultancy Services,4093,2013,12
Options Consultancy Services,4093,2014,42
Options Consultancy Services,4093,2015,26
Options Consultancy Services,4093,2016,65
Options Consultancy Services,4093,2017,38
Options Consultancy Services,4093,2018,69
Options Consultancy Services,4093,2019,104
Options Consultancy Services,4093,2020,114
Options Consultancy Services,4093,2021,79
Options Consultancy Services,4093,2022,79
Options Consultancy Services,4093,2023,62
Options Consultancy Services,4093,2024,89
Options Consultancy Services,4093,2025,11
Action Against Hunger Canada,4292,2011,257
Action Against Hunger Canada,4292,2012,198
Action Against Hunger Canada,4292,2013,2
Action Against Hunger Canada,4292,2014,14
Action Against Hunger Canada,4292,2015,1
Action Against Hunger Canada,4292,2016,2
Action Against Hunger Canada,4292,2017,16
Action Against Hunger Canada,4292,2018,17
Action Against Hunger Canada,4292,2019,12
Action Against Hunger Canada,4292,2020,10
Action Against Hunger Canada,4292,2021,15
Action Against Hunger Canada,4292,2022,25
Action Against Hunger Canada,4292,2023,9
Action Against Hunger Canada,4292,2024,7
Action Against Hunger Canada,4292,2025,5
Clinton Health Access Initiative,4322,2011,29
Clinton Health Access Initiative,4322,2012,57
Clinton Health Access Initiative,4322,2013,90
Clinton Health Access Initiative,4322,2014,66
Clinton Health Access Initiative,4322,2015,89
Clinton Health Access Initiative,4322,2016,112
Clinton Health Access Initiative,4322,2017,115
Clinton Health Access Initiative,4322,2018,147
Clinton Health Access Initiative,4322,2019,120
Clinton Health Access Initiative,4322,2020,100
Clinton Health Access Initiative,4322,2021,80
Clinton Health Access Initiative,4322,2022,111
Clinton Health Access Initiative,4322,2023,104
Clinton Health Access Initiative,4322,2024,52
Clinton Health Access Initiative,4322,2025,22
Clinton Health Access Initiative,4322,2026,8
ALIMA,4329,2011,2
ALIMA,4329,2012,41
ALIMA,4329,2013,60
ALIMA,4329,2014,84
ALIMA,4329,2015,105
ALIMA,4329,2016,22
ALIMA,4329,2017,70
ALIMA,4329,2018,93
ALIMA,4329,2019,181
ALIMA,4329,2020,207
ALIMA,4329,2021,177
ALIMA,4329,2022,216
ALIMA,4329,2023,191
ALIMA,4329,2024,102
ALIMA,4329,2025,46
ALIMA,4329,2026,72
Finn Church Aid,4370,2011,6
Finn Church Aid,4370,2012,17
Finn Church Aid,4370,2013,21
Finn Church Aid,4370,2014,32
Finn Church Aid,4370,2015,36
Finn Church Aid,4370,2016,42
Finn Church Aid,4370,2017,47
Finn Church Aid,4370,2018,43
Finn Church Aid,4370,2019,41
Finn Church Aid,4370,2020,52
Finn Church Aid,4370,2021,57
Finn Church Aid,4370,2022,105
Finn Church Aid,4370,2023,78
Finn Church Aid,4370,2024,83
Finn Church Aid,4370,2025,32
Finn Church Aid,4370,2026,23
CAMRIS International,4379,2012,4
CAMRIS International,4379,2013,36
CAMRIS International,4379,2014,65
CAMRIS International,4379,2015,126
CAMRIS International,4379,2016,47
CAMRIS International,4379,2017,29
CAMRIS International,4379,2018,102
CAMRIS International,4379,2019,131
CAMRIS International,4379,2020,49
CAMRIS International,4379,2021,29
CAMRIS International,4379,2022,8
CAMRIS International,4379,2023,8
Deutsche Gesellschaft für Internationale Zusammenarbeit (GIZ) GmbH,4515,2011,20
Deutsche Gesellschaft für Internationale Zusammenarbeit (GIZ) GmbH,4515,2012,24
Deutsche Gesellschaft für Internationale Zusammenarbeit (GIZ) GmbH,4515,2013,18
Deutsche Gesellschaft für Internationale Zusammenarbeit (GIZ) GmbH,4515,2014,12
Deutsche Gesellschaft für Internationale Zusammenarbeit (GIZ) GmbH,4515,2015,21
Deutsche Gesellschaft für Internationale Zusammenarbeit (GIZ) GmbH,4515,2016,59
Deutsche Gesellschaft für Internationale Zusammenarbeit (GIZ) GmbH,4515,2017,48
Deutsche Gesellschaft für Internationale Zusammenarbeit (GIZ) GmbH,4515,2018,34
Deutsche Gesellschaft für Internationale Zusammenarbeit (GIZ) GmbH,4515,2019,45
Deutsche Gesellschaft für Internationale Zusammenarbeit (GIZ) GmbH,4515,2020,45
Deutsche Gesellschaft für Internationale Zusammenarbeit (GIZ) GmbH,4515,2021,80
Deutsche Gesellschaft für Internationale Zusammenarbeit (GIZ) GmbH,4515,2022,67
Deutsche Gesellschaft für Internationale Zusammenarbeit (GIZ) GmbH,4515,2023,44
Deutsche Gesellschaft für Internationale Zusammenarbeit (GIZ) GmbH,4515,2024,46
Deutsche Gesellschaft für Internationale Zusammenarbeit (GIZ) GmbH,4515,2025,35
Deutsche Gesellschaft für Internationale Zusammenarbeit (GIZ) GmbH,4515,2026,78
Première Urgence Internationale,8593,2011,6
Première Urgence Internationale,8593,2012,22
Première Urgence Internationale,8593,2013,58
Première Urgence Internationale,8593,2014,87
Première Urgence Internationale,8593,2015,3
Première Urgence Internationale,8593,2016,30
Première Urgence Internationale,8593,2017,185
Première Urgence Internationale,8593,2018,163
Première Urgence Internationale,8593,2019,138
Première Urgence Internationale,8593,2020,421
Première Urgence Internationale,8593,2021,1631
Première Urgence Internationale,8593,2022,1275
Première Urgence Internationale,8593,2023,1001
Première Urgence Internationale,8593,2024,629
Première Urgence Internationale,8593,2025,78
Première Urgence Internationale,8593,2026,62
FHI 360,8725,2011,20
FHI 360,8725,2012,141
FHI 360,8725,2013,180
FHI 360,8725,2014,176
FHI 360,8725,2015,369
FHI 360,8725,2016,380
FHI 360,8725,2017,259
FHI 360,8725,2018,259
FHI 360,8725,2019,245
FHI 360,8725,2020,282
FHI 360,8725,2021,334
FHI 360,8725,2022,202
FHI 360,8725,2023,129
FHI 360,8725,2024,90
FHI 360,8725,2025,27
FHI 360,8725,2026,16
International NGO Safety Organisation,9447,2012,8
International NGO Safety Organisation,9447,2013,15
International NGO Safety Organisation,9447,2014,17
International NGO Safety Organisation,9447,2015,51
International NGO Safety Organisation,9447,2016,44
International NGO Safety Organisation,9447,2017,49
International NGO Safety Organisation,9447,2018,65
International NGO Safety Organisation,9447,2019,58
International NGO Safety Organisation,9447,2020,74
International NGO Safety Organisation,9447,2021,98
International NGO Safety Organisation,9447,2022,106
International NGO Safety Organisation,9447,2023,94
International NGO Safety Organisation,9447,2024,122
International NGO Safety Organisation,9447,2025,66
International NGO Safety Organisation,9447,2026,79
Tetra Tech,9743,2011,93
Tetra Tech,9743,2012,151
Tetra Tech,9743,2013,125
Tetra Tech,9743,2014,111
Tetra Tech,9743,2015,151
Tetra Tech,9743,2016,36
Tetra Tech,9743,2017,77
Tetra Tech,9743,2018,153
Tetra Tech,9743,2019,191
Tetra Tech,9743,2020,221
Tetra Tech,9743,2021,443
Tetra Tech,9743,2022,381
Tetra Tech,9743,2023,326
Tetra Tech,9743,2024,297
Tetra Tech,9743,2025,100
Global Communities,11742,2013,54
Global Communities,11742,2014,3
Global Communities,11742,2015,9
Global Communities,11742,2016,29
Global Communities,11742,2017,30
Global Communities,11742,2018,20
Global Communities,11742,2019,26
Global Communities,11742,2020,26
Global Communities,11742,2021,53
Global Communities,11742,2022,78
Global Communities,11742,2023,112
Global Communities,11742,2024,90
Global Communities,11742,2025,52
Global Communities,11742,2026,17
La Chaîne de l'Espoir,13273,2013,1
La Chaîne de l'Espoir,13273,2014,3
La Chaîne de l'Espoir,13273,2015,1
La Chaîne de l'Espoir,13273,2016,12
La Chaîne de l'Espoir,13273,2017,13
La Chaîne de l'Espoir,13273,2018,14
La Chaîne de l'Espoir,13273,2019,17
La Chaîne de l'Espoir,13273,2020,24
La Chaîne de l'Espoir,13273,2021,65
La Chaîne de l'Espoir,13273,2022,145
La Chaîne de l'Espoir,13273,2023,115
La Chaîne de l'Espoir,13273,2024,79
La Chaîne de l'Espoir,13273,2025,25
La Chaîne de l'Espoir,13273,2026,31
IMPACT Initiatives,14643,2014,12
IMPACT Initiatives,14643,2015,33
IMPACT Initiatives,14643,2016,79
IMPACT Initiatives,14643,2017,63
IMPACT Initiatives,14643,2018,83
IMPACT Initiatives,14643,2019,156
IMPACT Initiatives,14643,2020,156
IMPACT Initiatives,14643,2021,244
IMPACT Initiatives,14643,2022,252
IMPACT Initiatives,14643,2023,393
IMPACT Initiatives,14643,2024,276
IMPACT Initiatives,14643,2025,408
IMPACT Initiatives,14643,2026,163
Palladium International,25696,2015,34
Palladium International,25696,2016,204
Palladium International,25696,2017,394
Palladium International,25696,2018,461
Palladium International,25696,2019,109
Palladium International,25696,2020,349
Palladium International,25696,2021,153
Palladium International,25696,2022,146
Palladium International,25696,2023,143
Palladium International,25696,2024,105
Palladium International,25696,2025,147
Palladium International,25696,2026,4
Expertise France,27346,2015,8
Expertise France,27346,2016,36
Expertise France,27346,2017,48
Expertise France,27346,2018,48
Expertise France,27346,2019,132
Expertise France,27346,2020,97
Expertise France,27346,2021,99
Expertise France,27346,2022,58
Expertise France,27346,2023,64
Expertise France,27346,2024,161
Expertise France,27346,2025,106
Expertise France,27346,2026,28
SEED Madagascar,32841,2015,1
SEED Madagascar,32841,2016,12
SEED Madagascar,32841,2017,23
SEED Madagascar,32841,2018,36
SEED Madagascar,32841,2019,48
SEED Madagascar,32841,2020,32
SEED Madagascar,32841,2021,26
SEED Madagascar,32841,2022,63
SEED Madagascar,32841,2023,88
SEED Madagascar,32841,2024,81
SEED Madagascar,32841,2025,82
SEED Madagascar,32841,2026,108
Médecins Sans Frontières en Suisse,46489,2018,6
Médecins Sans Frontières en Suisse,46489,2019,51
Médecins Sans Frontières en Suisse,46489,2020,30
Médecins Sans Frontières en Suisse,46489,2021,64
Médecins Sans Frontières en Suisse,46489,2022,151
Médecins Sans Frontières en Suisse,46489,2023,131
Médecins Sans Frontières en Suisse,46489,2024,137
Médecins Sans Frontières en Suisse,46489,2025,142
Médecins Sans Frontières en Suisse,46489,2026,107
DT Global,48814,2019,18
DT Global,48814,2020,79
DT Global,48814,2021,54
DT Global,48814,2022,65
DT Global,48814,2023,41
DT Global,48814,2024,48
DT Global,48814,2025,282
DT Global,48814,2026,172
SoCha LLC,50199,2020,41
SoCha LLC,50199,2021,81
SoCha LLC,50199,2022,85
SoCha LLC,50199,2023,79
SoCha LLC,50199,2024,150
SoCha LLC,50199,2025,112
SoCha LLC,50199,2026,29
