topic,group,year,n_title_hits,n_body_hits,n_any_hits
AAP & community engagement,Cross-cutting & inclusion,2011,2,118,118
AAP & community engagement,Cross-cutting & inclusion,2012,6,259,262
AAP & community engagement,Cross-cutting & inclusion,2013,11,365,365
AAP & community engagement,Cross-cutting & inclusion,2014,8,493,493
AAP & community engagement,Cross-cutting & inclusion,2015,37,697,699
AAP & community engagement,Cross-cutting & inclusion,2016,35,924,924
AAP & community engagement,Cross-cutting & inclusion,2017,58,1281,1285
AAP & community engagement,Cross-cutting & inclusion,2018,69,1919,1924
AAP & community engagement,Cross-cutting & inclusion,2019,104,2361,2367
AAP & community engagement,Cross-cutting & inclusion,2020,111,2343,2349
AAP & community engagement,Cross-cutting & inclusion,2021,145,3118,3124
AAP & community engagement,Cross-cutting & inclusion,2022,224,3601,3613
AAP & community engagement,Cross-cutting & inclusion,2023,153,3230,3239
AAP & community engagement,Cross-cutting & inclusion,2024,111,2938,2941
AAP & community engagement,Cross-cutting & inclusion,2025,50,1744,1744
AAP & community engagement,Cross-cutting & inclusion,2026,38,1455,1456
AI & machine learning,Digital & data,2011,0,42,42
AI & machine learning,Digital & data,2012,2,64,64
AI & machine learning,Digital & data,2013,0,59,59
AI & machine learning,Digital & data,2014,2,78,78
AI & machine learning,Digital & data,2015,1,127,128
AI & machine learning,Digital & data,2016,2,117,117
AI & machine learning,Digital & data,2017,1,128,129
AI & machine learning,Digital & data,2018,5,245,247
AI & machine learning,Digital & data,2019,9,265,265
AI & machine learning,Digital & data,2020,6,265,265
AI & machine learning,Digital & data,2021,5,343,343
AI & machine learning,Digital & data,2022,9,405,405
AI & machine learning,Digital & data,2023,17,381,381
AI & machine learning,Digital & data,2024,26,432,433
AI & machine learning,Digital & data,2025,35,469,469
AI & machine learning,Digital & data,2026,47,472,474
Agriculture & livestock,Sectors,2011,100,1016,1017
Agriculture & livestock,Sectors,2012,151,2111,2112
Agriculture & livestock,Sectors,2013,264,2418,2421
Agriculture & livestock,Sectors,2014,238,2573,2576
Agriculture & livestock,Sectors,2015,224,3094,3094
Agriculture & livestock,Sectors,2016,294,3223,3226
Agriculture & livestock,Sectors,2017,268,3687,3692
Agriculture & livestock,Sectors,2018,254,3418,3422
Agriculture & livestock,Sectors,2019,305,3476,3513
Agriculture & livestock,Sectors,2020,193,3166,3166
Agriculture & livestock,Sectors,2021,285,4058,4060
Agriculture & livestock,Sectors,2022,294,4190,4192
Agriculture & livestock,Sectors,2023,256,3696,3705
Agriculture & livestock,Sectors,2024,220,3514,3516
Agriculture & livestock,Sectors,2025,159,1971,1971
Agriculture & livestock,Sectors,2026,88,1197,1202
Anticipatory action,Policy & approaches,2012,0,1,1
Anticipatory action,Policy & approaches,2014,0,1,1
Anticipatory action,Policy & approaches,2015,1,3,3
Anticipatory action,Policy & approaches,2016,0,14,14
Anticipatory action,Policy & approaches,2017,10,21,21
Anticipatory action,Policy & approaches,2018,4,12,12
Anticipatory action,Policy & approaches,2019,6,33,33
Anticipatory action,Policy & approaches,2020,8,43,43
Anticipatory action,Policy & approaches,2021,16,81,81
Anticipatory action,Policy & approaches,2022,27,143,143
Anticipatory action,Policy & approaches,2023,41,192,195
Anticipatory action,Policy & approaches,2024,50,263,263
Anticipatory action,Policy & approaches,2025,14,154,154
Anticipatory action,Policy & approaches,2026,12,115,115
Area-based approaches,Policy & approaches,2011,0,3,3
Area-based approaches,Policy & approaches,2012,0,16,16
Area-based approaches,Policy & approaches,2013,0,10,10
Area-based approaches,Policy & approaches,2014,0,7,7
Area-based approaches,Policy & approaches,2015,0,2,2
Area-based approaches,Policy & approaches,2016,1,11,11
Area-based approaches,Policy & approaches,2017,0,16,16
Area-based approaches,Policy & approaches,2018,1,24,24
Area-based approaches,Policy & approaches,2019,0,36,36
Area-based approaches,Policy & approaches,2020,0,36,36
Area-based approaches,Policy & approaches,2021,0,76,76
Area-based approaches,Policy & approaches,2022,3,120,120
Area-based approaches,Policy & approaches,2023,2,109,109
Area-based approaches,Policy & approaches,2024,2,103,103
Area-based approaches,Policy & approaches,2025,5,93,93
Area-based approaches,Policy & approaches,2026,0,74,74
Audit & risk management,Functions,2011,48,686,688
Audit & risk management,Functions,2012,95,1282,1290
Audit & risk management,Functions,2013,97,1543,1546
Audit & risk management,Functions,2014,106,1801,1806
Audit & risk management,Functions,2015,139,2100,2105
Audit & risk management,Functions,2016,133,2739,2740
Audit & risk management,Functions,2017,148,3352,3353
Audit & risk management,Functions,2018,216,3772,3776
Audit & risk management,Functions,2019,184,4155,4160
Audit & risk management,Functions,2020,191,3912,3913
Audit & risk management,Functions,2021,258,4989,4999
Audit & risk management,Functions,2022,261,5975,5978
Audit & risk management,Functions,2023,290,5754,5756
Audit & risk management,Functions,2024,241,4615,4616
Audit & risk management,Functions,2025,180,2833,2834
Audit & risk management,Functions,2026,82,2095,2095
Biometrics,Digital & data,2011,1,1,1
Biometrics,Digital & data,2012,1,7,7
Biometrics,Digital & data,2013,4,14,14
Biometrics,Digital & data,2014,3,29,29
Biometrics,Digital & data,2015,1,28,28
Biometrics,Digital & data,2016,1,37,38
Biometrics,Digital & data,2017,2,64,64
Biometrics,Digital & data,2018,9,92,92
Biometrics,Digital & data,2019,4,92,92
Biometrics,Digital & data,2020,6,104,105
Biometrics,Digital & data,2021,0,107,107
Biometrics,Digital & data,2022,6,157,157
Biometrics,Digital & data,2023,2,199,199
Biometrics,Digital & data,2024,1,209,209
Biometrics,Digital & data,2025,0,73,73
Biometrics,Digital & data,2026,0,38,38
Blockchain & crypto,Digital & data,2016,0,10,10
Blockchain & crypto,Digital & data,2017,2,17,17
Blockchain & crypto,Digital & data,2018,2,30,30
Blockchain & crypto,Digital & data,2019,3,46,46
Blockchain & crypto,Digital & data,2020,2,22,22
Blockchain & crypto,Digital & data,2021,1,33,33
Blockchain & crypto,Digital & data,2022,8,37,37
Blockchain & crypto,Digital & data,2023,0,28,28
Blockchain & crypto,Digital & data,2024,0,19,19
Blockchain & crypto,Digital & data,2025,1,9,9
CCCM,Sectors,2011,3,86,87
CCCM,Sectors,2012,10,176,176
CCCM,Sectors,2013,16,219,219
CCCM,Sectors,2014,39,365,367
CCCM,Sectors,2015,46,434,436
CCCM,Sectors,2016,59,536,537
CCCM,Sectors,2017,123,737,737
CCCM,Sectors,2018,145,730,734
CCCM,Sectors,2019,119,742,750
CCCM,Sectors,2020,114,558,572
CCCM,Sectors,2021,99,676,683
CCCM,Sectors,2022,238,1020,1089
CCCM,Sectors,2023,164,938,969
CCCM,Sectors,2024,117,569,622
CCCM,Sectors,2025,39,252,261
CCCM,Sectors,2026,10,175,175
CVA,Cash & markets,2011,7,256,256
CVA,Cash & markets,2012,53,615,617
CVA,Cash & markets,2013,56,746,747
CVA,Cash & markets,2014,71,1135,1140
CVA,Cash & markets,2015,102,1383,1385
CVA,Cash & markets,2016,127,1699,1701
CVA,Cash & markets,2017,151,2139,2148
CVA,Cash & markets,2018,145,2298,2317
CVA,Cash & markets,2019,160,2243,2246
CVA,Cash & markets,2020,155,2019,2024
CVA,Cash & markets,2021,179,2337,2341
CVA,Cash & markets,2022,203,3248,3251
CVA,Cash & markets,2023,167,2691,2696
CVA,Cash & markets,2024,115,1994,2002
CVA,Cash & markets,2025,39,898,900
CVA,Cash & markets,2026,15,634,635
Cash coordination,Cash & markets,2011,0,3,3
Cash coordination,Cash & markets,2012,1,16,16
Cash coordination,Cash & markets,2013,1,9,9
Cash coordination,Cash & markets,2014,4,31,31
Cash coordination,Cash & markets,2015,12,42,47
Cash coordination,Cash & markets,2016,6,61,63
Cash coordination,Cash & markets,2017,7,97,100
Cash coordination,Cash & markets,2018,11,117,117
Cash coordination,Cash & markets,2019,12,125,128
Cash coordination,Cash & markets,2020,5,108,108
Cash coordination,Cash & markets,2021,11,245,245
Cash coordination,Cash & markets,2022,26,273,273
Cash coordination,Cash & markets,2023,24,251,252
Cash coordination,Cash & markets,2024,22,154,154
Cash coordination,Cash & markets,2025,15,87,87
Cash coordination,Cash & markets,2026,2,44,44
Child protection,Cross-cutting & inclusion,2011,81,792,795
Child protection,Cross-cutting & inclusion,2012,195,1281,1286
Child protection,Cross-cutting & inclusion,2013,261,1580,1588
Child protection,Cross-cutting & inclusion,2014,327,1903,1911
Child protection,Cross-cutting & inclusion,2015,302,2283,2289
Child protection,Cross-cutting & inclusion,2016,320,2669,2670
Child protection,Cross-cutting & inclusion,2017,521,3769,3784
Child protection,Cross-cutting & inclusion,2018,577,4480,4492
Child protection,Cross-cutting & inclusion,2019,513,4554,4559
Child protection,Cross-cutting & inclusion,2020,297,3302,3309
Child protection,Cross-cutting & inclusion,2021,218,3842,3845
Child protection,Cross-cutting & inclusion,2022,265,4223,4229
Child protection,Cross-cutting & inclusion,2023,190,3240,3247
Child protection,Cross-cutting & inclusion,2024,125,2379,2381
Child protection,Cross-cutting & inclusion,2025,72,1404,1404
Child protection,Cross-cutting & inclusion,2026,67,949,949
Climate,Policy & approaches,2011,41,255,255
Climate,Policy & approaches,2012,80,563,564
Climate,Policy & approaches,2013,97,713,714
Climate,Policy & approaches,2014,75,760,761
Climate,Policy & approaches,2015,78,941,942
Climate,Policy & approaches,2016,77,1048,1050
Climate,Policy & approaches,2017,80,1133,1136
Climate,Policy & approaches,2018,71,1215,1216
Climate,Policy & approaches,2019,94,1381,1381
Climate,Policy & approaches,2020,117,1523,1524
Climate,Policy & approaches,2021,199,2224,2226
Climate,Policy & approaches,2022,248,3037,3040
Climate,Policy & approaches,2023,240,3408,3412
Climate,Policy & approaches,2024,272,3366,3372
Climate,Policy & approaches,2025,118,2046,2047
Climate,Policy & approaches,2026,53,1070,1071
Compliance & anti-fraud,Functions,2011,34,156,177
Compliance & anti-fraud,Functions,2012,96,353,407
Compliance & anti-fraud,Functions,2013,102,595,664
Compliance & anti-fraud,Functions,2014,183,526,655
Compliance & anti-fraud,Functions,2015,172,540,660
Compliance & anti-fraud,Functions,2016,233,810,945
Compliance & anti-fraud,Functions,2017,286,944,1122
Compliance & anti-fraud,Functions,2018,330,1140,1311
Compliance & anti-fraud,Functions,2019,341,1357,1561
Compliance & anti-fraud,Functions,2020,300,1217,1396
Compliance & anti-fraud,Functions,2021,386,1687,1927
Compliance & anti-fraud,Functions,2022,556,1972,2281
Compliance & anti-fraud,Functions,2023,589,1553,1956
Compliance & anti-fraud,Functions,2024,370,1272,1526
Compliance & anti-fraud,Functions,2025,150,754,845
Compliance & anti-fraud,Functions,2026,119,662,735
Conflict sensitivity,Policy & approaches,2011,1,46,46
Conflict sensitivity,Policy & approaches,2012,5,161,161
Conflict sensitivity,Policy & approaches,2013,6,205,205
Conflict sensitivity,Policy & approaches,2014,10,343,343
Conflict sensitivity,Policy & approaches,2015,13,369,369
Conflict sensitivity,Policy & approaches,2016,8,465,465
Conflict sensitivity,Policy & approaches,2017,12,599,599
Conflict sensitivity,Policy & approaches,2018,30,786,786
Conflict sensitivity,Policy & approaches,2019,21,901,901
Conflict sensitivity,Policy & approaches,2020,13,862,862
Conflict sensitivity,Policy & approaches,2021,17,1088,1089
Conflict sensitivity,Policy & approaches,2022,16,1192,1193
Conflict sensitivity,Policy & approaches,2023,12,1221,1221
Conflict sensitivity,Policy & approaches,2024,15,1140,1140
Conflict sensitivity,Policy & approaches,2025,9,719,719
Conflict sensitivity,Policy & approaches,2026,4,648,648
Cybersecurity,Digital & data,2011,2,16,16
Cybersecurity,Digital & data,2012,6,22,22
Cybersecurity,Digital & data,2013,0,16,16
Cybersecurity,Digital & data,2014,2,26,26
Cybersecurity,Digital & data,2015,3,46,46
Cybersecurity,Digital & data,2016,7,52,52
Cybersecurity,Digital & data,2017,10,95,95
Cybersecurity,Digital & data,2018,17,160,160
Cybersecurity,Digital & data,2019,29,212,212
Cybersecurity,Digital & data,2020,20,140,140
Cybersecurity,Digital & data,2021,37,260,261
Cybersecurity,Digital & data,2022,42,366,366
Cybersecurity,Digital & data,2023,33,357,357
Cybersecurity,Digital & data,2024,40,330,331
Cybersecurity,Digital & data,2025,21,211,211
Cybersecurity,Digital & data,2026,16,166,166
DEI & decolonisation,Cross-cutting & inclusion,2011,0,3,3
DEI & decolonisation,Cross-cutting & inclusion,2012,0,7,7
DEI & decolonisation,Cross-cutting & inclusion,2013,0,7,7
DEI & decolonisation,Cross-cutting & inclusion,2014,5,26,27
DEI & decolonisation,Cross-cutting & inclusion,2015,2,22,22
DEI & decolonisation,Cross-cutting & inclusion,2016,5,32,32
DEI & decolonisation,Cross-cutting & inclusion,2017,8,41,41
DEI & decolonisation,Cross-cutting & inclusion,2018,1,39,39
DEI & decolonisation,Cross-cutting & inclusion,2019,8,57,57
DEI & decolonisation,Cross-cutting & inclusion,2020,13,145,146
DEI & decolonisation,Cross-cutting & inclusion,2021,38,643,644
DEI & decolonisation,Cross-cutting & inclusion,2022,18,1098,1098
DEI & decolonisation,Cross-cutting & inclusion,2023,24,988,990
DEI & decolonisation,Cross-cutting & inclusion,2024,15,894,894
DEI & decolonisation,Cross-cutting & inclusion,2025,5,499,499
DEI & decolonisation,Cross-cutting & inclusion,2026,5,253,253
Data analytics & BI,Digital & data,2011,11,455,456
Data analytics & BI,Digital & data,2012,22,940,940
Data analytics & BI,Digital & data,2013,35,1207,1208
Data analytics & BI,Digital & data,2014,35,1390,1392
Data analytics & BI,Digital & data,2015,78,1975,1985
Data analytics & BI,Digital & data,2016,86,2523,2528
Data analytics & BI,Digital & data,2017,119,3184,3189
Data analytics & BI,Digital & data,2018,155,3953,3964
Data analytics & BI,Digital & data,2019,171,4446,4451
Data analytics & BI,Digital & data,2020,192,4107,4112
Data analytics & BI,Digital & data,2021,244,5338,5344
Data analytics & BI,Digital & data,2022,190,5773,5781
Data analytics & BI,Digital & data,2023,179,5597,5604
Data analytics & BI,Digital & data,2024,156,4749,4753
Data analytics & BI,Digital & data,2025,104,2768,2770
Data analytics & BI,Digital & data,2026,46,1698,1700
Data protection,Digital & data,2011,0,17,17
Data protection,Digital & data,2012,0,35,35
Data protection,Digital & data,2013,0,77,77
Data protection,Digital & data,2014,1,101,101
Data protection,Digital & data,2015,3,117,117
Data protection,Digital & data,2016,1,228,228
Data protection,Digital & data,2017,4,283,283
Data protection,Digital & data,2018,11,614,614
Data protection,Digital & data,2019,7,769,769
Data protection,Digital & data,2020,14,892,892
Data protection,Digital & data,2021,28,1437,1437
Data protection,Digital & data,2022,32,1817,1817
Data protection,Digital & data,2023,23,1722,1722
Data protection,Digital & data,2024,17,1505,1505
Data protection,Digital & data,2025,10,1026,1026
Data protection,Digital & data,2026,4,943,943
Digital identity,Digital & data,2011,0,2,2
Digital identity,Digital & data,2012,0,10,10
Digital identity,Digital & data,2013,0,8,8
Digital identity,Digital & data,2014,2,20,20
Digital identity,Digital & data,2015,1,21,21
Digital identity,Digital & data,2016,0,24,24
Digital identity,Digital & data,2017,9,40,40
Digital identity,Digital & data,2018,2,65,65
Digital identity,Digital & data,2019,7,79,79
Digital identity,Digital & data,2020,25,121,122
Digital identity,Digital & data,2021,7,105,105
Digital identity,Digital & data,2022,9,85,85
Digital identity,Digital & data,2023,6,63,63
Digital identity,Digital & data,2024,5,61,61
Digital identity,Digital & data,2025,1,41,41
Digital identity,Digital & data,2026,0,22,22
Digital payments,Cash & markets,2011,1,114,114
Digital payments,Cash & markets,2012,1,274,274
Digital payments,Cash & markets,2013,1,364,364
Digital payments,Cash & markets,2014,1,444,444
Digital payments,Cash & markets,2015,4,580,580
Digital payments,Cash & markets,2016,4,651,651
Digital payments,Cash & markets,2017,7,988,988
Digital payments,Cash & markets,2018,8,1114,1114
Digital payments,Cash & markets,2019,6,1226,1226
Digital payments,Cash & markets,2020,9,1179,1179
Digital payments,Cash & markets,2021,14,1228,1228
Digital payments,Cash & markets,2022,3,1428,1428
Digital payments,Cash & markets,2023,5,1242,1242
Digital payments,Cash & markets,2024,7,1103,1103
Digital payments,Cash & markets,2025,4,684,684
Digital payments,Cash & markets,2026,3,453,453
Digital public infrastructure,Watchlist (emerging),2011,0,3,3
Digital public infrastructure,Watchlist (emerging),2012,0,13,13
Digital public infrastructure,Watchlist (emerging),2013,0,9,9
Digital public infrastructure,Watchlist (emerging),2014,0,8,8
Digital public infrastructure,Watchlist (emerging),2015,0,9,9
Digital public infrastructure,Watchlist (emerging),2016,0,12,12
Digital public infrastructure,Watchlist (emerging),2017,1,30,30
Digital public infrastructure,Watchlist (emerging),2018,0,41,41
Digital public infrastructure,Watchlist (emerging),2019,0,34,34
Digital public infrastructure,Watchlist (emerging),2020,1,20,20
Digital public infrastructure,Watchlist (emerging),2021,1,26,27
Digital public infrastructure,Watchlist (emerging),2022,2,33,34
Digital public infrastructure,Watchlist (emerging),2023,1,34,35
Digital public infrastructure,Watchlist (emerging),2024,0,47,47
Digital public infrastructure,Watchlist (emerging),2025,1,17,17
Digital public infrastructure,Watchlist (emerging),2026,1,16,16
Digital transformation,Digital & data,2011,0,7,7
Digital transformation,Digital & data,2012,1,30,31
Digital transformation,Digital & data,2013,6,45,45
Digital transformation,Digital & data,2014,9,67,67
Digital transformation,Digital & data,2015,6,136,136
Digital transformation,Digital & data,2016,9,192,193
Digital transformation,Digital & data,2017,11,258,258
Digital transformation,Digital & data,2018,15,278,279
Digital transformation,Digital & data,2019,21,387,390
Digital transformation,Digital & data,2020,20,400,401
Digital transformation,Digital & data,2021,40,663,667
Digital transformation,Digital & data,2022,74,912,915
Digital transformation,Digital & data,2023,63,927,931
Digital transformation,Digital & data,2024,57,762,764
Digital transformation,Digital & data,2025,34,577,577
Digital transformation,Digital & data,2026,19,344,344
Disability inclusion,Cross-cutting & inclusion,2011,14,338,338
Disability inclusion,Cross-cutting & inclusion,2012,31,649,649
Disability inclusion,Cross-cutting & inclusion,2013,32,774,774
Disability inclusion,Cross-cutting & inclusion,2014,65,1257,1257
Disability inclusion,Cross-cutting & inclusion,2015,50,1288,1290
Disability inclusion,Cross-cutting & inclusion,2016,46,1570,1570
Disability inclusion,Cross-cutting & inclusion,2017,79,2258,2258
Disability inclusion,Cross-cutting & inclusion,2018,94,2943,2944
Disability inclusion,Cross-cutting & inclusion,2019,100,3307,3311
Disability inclusion,Cross-cutting & inclusion,2020,70,2493,2494
Disability inclusion,Cross-cutting & inclusion,2021,94,3653,3653
Disability inclusion,Cross-cutting & inclusion,2022,110,4848,4848
Disability inclusion,Cross-cutting & inclusion,2023,86,4379,4380
Disability inclusion,Cross-cutting & inclusion,2024,72,3315,3316
Disability inclusion,Cross-cutting & inclusion,2025,71,2160,2160
Disability inclusion,Cross-cutting & inclusion,2026,28,1558,1558
Disaster risk reduction,Policy & approaches,2011,66,389,391
Disaster risk reduction,Policy & approaches,2012,79,792,794
Disaster risk reduction,Policy & approaches,2013,115,957,962
Disaster risk reduction,Policy & approaches,2014,113,994,998
Disaster risk reduction,Policy & approaches,2015,99,1024,1028
Disaster risk reduction,Policy & approaches,2016,94,1150,1153
Disaster risk reduction,Policy & approaches,2017,107,1339,1341
Disaster risk reduction,Policy & approaches,2018,104,1385,1387
Disaster risk reduction,Policy & approaches,2019,103,1395,1400
Disaster risk reduction,Policy & approaches,2020,86,1233,1236
Disaster risk reduction,Policy & approaches,2021,117,1490,1492
Disaster risk reduction,Policy & approaches,2022,84,1399,1405
Disaster risk reduction,Policy & approaches,2023,93,1472,1491
Disaster risk reduction,Policy & approaches,2024,87,1296,1297
Disaster risk reduction,Policy & approaches,2025,34,620,621
Disaster risk reduction,Policy & approaches,2026,24,391,391
Durable solutions,Policy & approaches,2011,3,98,98
Durable solutions,Policy & approaches,2012,4,179,179
Durable solutions,Policy & approaches,2013,6,264,264
Durable solutions,Policy & approaches,2014,6,251,251
Durable solutions,Policy & approaches,2015,6,416,416
Durable solutions,Policy & approaches,2016,14,424,424
Durable solutions,Policy & approaches,2017,18,475,475
Durable solutions,Policy & approaches,2018,27,578,579
Durable solutions,Policy & approaches,2019,24,681,681
Durable solutions,Policy & approaches,2020,38,610,610
Durable solutions,Policy & approaches,2021,33,721,721
Durable solutions,Policy & approaches,2022,41,989,989
Durable solutions,Policy & approaches,2023,52,828,830
Durable solutions,Policy & approaches,2024,38,644,645
Durable solutions,Policy & approaches,2025,13,307,307
Durable solutions,Policy & approaches,2026,4,200,200
ECHO,Donors & funding,2011,4,314,315
ECHO,Donors & funding,2012,20,632,636
ECHO,Donors & funding,2013,27,1040,1043
ECHO,Donors & funding,2014,11,1028,1028
ECHO,Donors & funding,2015,26,1267,1272
ECHO,Donors & funding,2016,35,1458,1462
ECHO,Donors & funding,2017,52,2121,2126
ECHO,Donors & funding,2018,79,2288,2307
ECHO,Donors & funding,2019,65,2418,2418
ECHO,Donors & funding,2020,62,2154,2162
ECHO,Donors & funding,2021,70,2848,2851
ECHO,Donors & funding,2022,52,2729,2731
ECHO,Donors & funding,2023,41,2433,2434
ECHO,Donors & funding,2024,30,1976,1976
ECHO,Donors & funding,2025,31,1039,1044
ECHO,Donors & funding,2026,16,722,723
EU development funding,Donors & funding,2011,3,71,74
EU development funding,Donors & funding,2012,7,160,163
EU development funding,Donors & funding,2013,7,203,208
EU development funding,Donors & funding,2014,11,292,296
EU development funding,Donors & funding,2015,8,268,268
EU development funding,Donors & funding,2016,17,357,360
EU development funding,Donors & funding,2017,13,454,455
EU development funding,Donors & funding,2018,17,664,667
EU development funding,Donors & funding,2019,19,680,682
EU development funding,Donors & funding,2020,20,543,549
EU development funding,Donors & funding,2021,10,586,588
EU development funding,Donors & funding,2022,8,435,436
EU development funding,Donors & funding,2023,7,443,446
EU development funding,Donors & funding,2024,8,469,472
EU development funding,Donors & funding,2025,5,321,322
EU development funding,Donors & funding,2026,1,187,187
Early recovery & reconstruction,Sectors,2011,19,407,409
Early recovery & reconstruction,Sectors,2012,26,829,837
Early recovery & reconstruction,Sectors,2013,16,771,771
Early recovery & reconstruction,Sectors,2014,13,819,819
Early recovery & reconstruction,Sectors,2015,22,1150,1151
Early recovery & reconstruction,Sectors,2016,35,1152,1154
Early recovery & reconstruction,Sectors,2017,27,1434,1436
Early recovery & reconstruction,Sectors,2018,22,1324,1331
Early recovery & reconstruction,Sectors,2019,38,1177,1180
Early recovery & reconstruction,Sectors,2020,23,962,965
Early recovery & reconstruction,Sectors,2021,19,1230,1236
Early recovery & reconstruction,Sectors,2022,10,1196,1199
Early recovery & reconstruction,Sectors,2023,37,1325,1330
Early recovery & reconstruction,Sectors,2024,19,1061,1064
Early recovery & reconstruction,Sectors,2025,8,551,551
Early recovery & reconstruction,Sectors,2026,8,385,386
Early warning,Policy & approaches,2011,4,131,131
Early warning,Policy & approaches,2012,6,229,229
Early warning,Policy & approaches,2013,7,189,189
Early warning,Policy & approaches,2014,5,223,223
Early warning,Policy & approaches,2015,6,363,363
Early warning,Policy & approaches,2016,12,366,366
Early warning,Policy & approaches,2017,19,438,439
Early warning,Policy & approaches,2018,19,451,451
Early warning,Policy & approaches,2019,34,501,502
Early warning,Policy & approaches,2020,9,385,385
Early warning,Policy & approaches,2021,25,482,482
Early warning,Policy & approaches,2022,12,462,463
Early warning,Policy & approaches,2023,13,445,445
Early warning,Policy & approaches,2024,17,485,485
Early warning,Policy & approaches,2025,12,349,349
Early warning,Policy & approaches,2026,6,218,218
Education,Sectors,2011,256,2221,2230
Education,Sectors,2012,522,4350,4369
Education,Sectors,2013,588,5061,5079
Education,Sectors,2014,717,6019,6065
Education,Sectors,2015,800,6860,6886
Education,Sectors,2016,895,7744,7764
Education,Sectors,2017,1104,9178,9220
Education,Sectors,2018,1269,10235,10278
Education,Sectors,2019,1225,10933,10975
Education,Sectors,2020,770,8670,8692
Education,Sectors,2021,889,10077,10102
Education,Sectors,2022,941,11762,11806
Education,Sectors,2023,744,9838,9865
Education,Sectors,2024,586,7649,7664
Education,Sectors,2025,367,4359,4370
Education,Sectors,2026,222,2704,2717
Emergency telecoms,Sectors,2011,0,40,40
Emergency telecoms,Sectors,2012,0,56,56
Emergency telecoms,Sectors,2013,3,76,76
Emergency telecoms,Sectors,2014,8,146,146
Emergency telecoms,Sectors,2015,8,144,145
Emergency telecoms,Sectors,2016,3,137,137
Emergency telecoms,Sectors,2017,2,226,226
Emergency telecoms,Sectors,2018,10,268,268
Emergency telecoms,Sectors,2019,3,265,265
Emergency telecoms,Sectors,2020,3,263,263
Emergency telecoms,Sectors,2021,16,315,315
Emergency telecoms,Sectors,2022,5,427,427
Emergency telecoms,Sectors,2023,4,356,356
Emergency telecoms,Sectors,2024,10,287,287
Emergency telecoms,Sectors,2025,5,182,182
Emergency telecoms,Sectors,2026,4,154,154
Energy,Sectors,2011,12,240,242
Energy,Sectors,2012,27,540,542
Energy,Sectors,2013,49,595,596
Energy,Sectors,2014,54,650,652
Energy,Sectors,2015,72,788,788
Energy,Sectors,2016,96,953,954
Energy,Sectors,2017,77,1035,1036
Energy,Sectors,2018,113,1245,1247
Energy,Sectors,2019,105,1443,1446
Energy,Sectors,2020,80,1078,1080
Energy,Sectors,2021,136,1407,1407
Energy,Sectors,2022,127,1578,1578
Energy,Sectors,2023,105,1596,1597
Energy,Sectors,2024,109,1373,1381
Energy,Sectors,2025,106,899,899
Energy,Sectors,2026,40,493,493
Environmental sustainability,Policy & approaches,2011,4,191,191
Environmental sustainability,Policy & approaches,2012,7,398,398
Environmental sustainability,Policy & approaches,2013,1,519,519
Environmental sustainability,Policy & approaches,2014,21,654,655
Environmental sustainability,Policy & approaches,2015,21,758,758
Environmental sustainability,Policy & approaches,2016,17,1046,1047
Environmental sustainability,Policy & approaches,2017,28,1392,1393
Environmental sustainability,Policy & approaches,2018,12,1397,1397
Environmental sustainability,Policy & approaches,2019,26,1657,1657
Environmental sustainability,Policy & approaches,2020,39,1566,1566
Environmental sustainability,Policy & approaches,2021,41,2054,2058
Environmental sustainability,Policy & approaches,2022,53,2676,2677
Environmental sustainability,Policy & approaches,2023,53,2554,2555
Environmental sustainability,Policy & approaches,2024,55,2204,2206
Environmental sustainability,Policy & approaches,2025,43,1376,1376
Environmental sustainability,Policy & approaches,2026,27,946,946
Epidemics & outbreaks,Sectors,2011,20,319,319
Epidemics & outbreaks,Sectors,2012,16,625,625
Epidemics & outbreaks,Sectors,2013,29,610,610
Epidemics & outbreaks,Sectors,2014,259,1195,1226
Epidemics & outbreaks,Sectors,2015,118,1483,1487
Epidemics & outbreaks,Sectors,2016,49,1053,1055
Epidemics & outbreaks,Sectors,2017,51,1236,1237
Epidemics & outbreaks,Sectors,2018,127,1589,1594
Epidemics & outbreaks,Sectors,2019,253,1862,1880
Epidemics & outbreaks,Sectors,2020,455,4664,4695
Epidemics & outbreaks,Sectors,2021,259,6708,6713
Epidemics & outbreaks,Sectors,2022,113,5120,5122
Epidemics & outbreaks,Sectors,2023,47,3180,3182
Epidemics & outbreaks,Sectors,2024,22,1874,1874
Epidemics & outbreaks,Sectors,2025,6,826,826
Epidemics & outbreaks,Sectors,2026,29,610,610
FCDO / DFID,Donors & funding,2011,6,295,296
FCDO / DFID,Donors & funding,2012,29,757,759
FCDO / DFID,Donors & funding,2013,51,1072,1075
FCDO / DFID,Donors & funding,2014,39,1489,1492
FCDO / DFID,Donors & funding,2015,43,1604,1605
FCDO / DFID,Donors & funding,2016,50,1629,1629
FCDO / DFID,Donors & funding,2017,23,1891,1891
FCDO / DFID,Donors & funding,2018,26,2012,2014
FCDO / DFID,Donors & funding,2019,23,1919,1921
FCDO / DFID,Donors & funding,2020,12,1651,1651
FCDO / DFID,Donors & funding,2021,5,1527,1527
FCDO / DFID,Donors & funding,2022,17,1573,1573
FCDO / DFID,Donors & funding,2023,9,1371,1371
FCDO / DFID,Donors & funding,2024,15,1084,1084
FCDO / DFID,Donors & funding,2025,8,608,608
FCDO / DFID,Donors & funding,2026,8,320,320
Financial inclusion & savings,Cash & markets,2011,11,183,183
Financial inclusion & savings,Cash & markets,2012,39,358,359
Financial inclusion & savings,Cash & markets,2013,35,358,364
Financial inclusion & savings,Cash & markets,2014,36,397,402
Financial inclusion & savings,Cash & markets,2015,24,468,470
Financial inclusion & savings,Cash & markets,2016,28,481,482
Financial inclusion & savings,Cash & markets,2017,33,581,582
Financial inclusion & savings,Cash & markets,2018,35,597,600
Financial inclusion & savings,Cash & markets,2019,47,651,653
Financial inclusion & savings,Cash & markets,2020,49,692,694
Financial inclusion & savings,Cash & markets,2021,66,927,928
Financial inclusion & savings,Cash & markets,2022,54,1203,1203
Financial inclusion & savings,Cash & markets,2023,55,983,984
Financial inclusion & savings,Cash & markets,2024,54,740,745
Financial inclusion & savings,Cash & markets,2025,33,551,551
Financial inclusion & savings,Cash & markets,2026,10,350,350
Food security,Sectors,2011,139,997,1001
Food security,Sectors,2012,264,1983,1987
Food security,Sectors,2013,207,2196,2203
Food security,Sectors,2014,330,2729,2739
Food security,Sectors,2015,318,3068,3083
Food security,Sectors,2016,333,3331,3339
Food security,Sectors,2017,355,4414,4418
Food security,Sectors,2018,340,4148,4176
Food security,Sectors,2019,250,4016,4024
Food security,Sectors,2020,263,3646,3661
Food security,Sectors,2021,346,4492,4505
Food security,Sectors,2022,407,4919,4935
Food security,Sectors,2023,358,4593,4636
Food security,Sectors,2024,223,3763,3772
Food security,Sectors,2025,89,1985,1985
Food security,Sectors,2026,63,1300,1306
GBV,Cross-cutting & inclusion,2011,44,273,274
GBV,Cross-cutting & inclusion,2012,83,595,597
GBV,Cross-cutting & inclusion,2013,108,765,765
GBV,Cross-cutting & inclusion,2014,123,980,982
GBV,Cross-cutting & inclusion,2015,165,1280,1281
GBV,Cross-cutting & inclusion,2016,141,1396,1397
GBV,Cross-cutting & inclusion,2017,201,1721,1723
GBV,Cross-cutting & inclusion,2018,216,2189,2197
GBV,Cross-cutting & inclusion,2019,218,2367,2370
GBV,Cross-cutting & inclusion,2020,210,2085,2090
GBV,Cross-cutting & inclusion,2021,216,2422,2423
GBV,Cross-cutting & inclusion,2022,256,3011,3016
GBV,Cross-cutting & inclusion,2023,204,2690,2695
GBV,Cross-cutting & inclusion,2024,146,1998,1998
GBV,Cross-cutting & inclusion,2025,73,1071,1076
GBV,Cross-cutting & inclusion,2026,41,806,806
GIS & remote sensing,Digital & data,2011,18,166,166
GIS & remote sensing,Digital & data,2012,50,337,337
GIS & remote sensing,Digital & data,2013,72,463,464
GIS & remote sensing,Digital & data,2014,71,528,530
GIS & remote sensing,Digital & data,2015,87,663,664
GIS & remote sensing,Digital & data,2016,71,743,743
GIS & remote sensing,Digital & data,2017,70,895,896
GIS & remote sensing,Digital & data,2018,100,1009,1011
GIS & remote sensing,Digital & data,2019,91,1149,1149
GIS & remote sensing,Digital & data,2020,90,1117,1117
GIS & remote sensing,Digital & data,2021,109,1404,1405
GIS & remote sensing,Digital & data,2022,97,1422,1422
GIS & remote sensing,Digital & data,2023,103,1448,1448
GIS & remote sensing,Digital & data,2024,83,1259,1260
GIS & remote sensing,Digital & data,2025,63,897,897
GIS & remote sensing,Digital & data,2026,23,549,550
Gender,Cross-cutting & inclusion,2011,78,1419,1420
Gender,Cross-cutting & inclusion,2012,190,2757,2758
Gender,Cross-cutting & inclusion,2013,260,3362,3368
Gender,Cross-cutting & inclusion,2014,315,3879,3882
Gender,Cross-cutting & inclusion,2015,296,4361,4364
Gender,Cross-cutting & inclusion,2016,373,4985,4988
Gender,Cross-cutting & inclusion,2017,392,6336,6342
Gender,Cross-cutting & inclusion,2018,432,7392,7396
Gender,Cross-cutting & inclusion,2019,517,8080,8097
Gender,Cross-cutting & inclusion,2020,483,7275,7278
Gender,Cross-cutting & inclusion,2021,607,9314,9326
Gender,Cross-cutting & inclusion,2022,572,10097,10101
Gender,Cross-cutting & inclusion,2023,514,9079,9079
Gender,Cross-cutting & inclusion,2024,393,7500,7503
Gender,Cross-cutting & inclusion,2025,226,4193,4198
Gender,Cross-cutting & inclusion,2026,82,2528,2535
Generative AI & LLMs,Watchlist (emerging),2011,0,5,5
Generative AI & LLMs,Watchlist (emerging),2012,0,22,22
Generative AI & LLMs,Watchlist (emerging),2013,0,25,25
Generative AI & LLMs,Watchlist (emerging),2014,0,15,15
Generative AI & LLMs,Watchlist (emerging),2015,0,18,18
Generative AI & LLMs,Watchlist (emerging),2016,0,15,15
Generative AI & LLMs,Watchlist (emerging),2017,0,27,27
Generative AI & LLMs,Watchlist (emerging),2018,0,34,34
Generative AI & LLMs,Watchlist (emerging),2019,0,32,32
Generative AI & LLMs,Watchlist (emerging),2020,0,47,47
Generative AI & LLMs,Watchlist (emerging),2021,0,75,75
Generative AI & LLMs,Watchlist (emerging),2022,0,75,75
Generative AI & LLMs,Watchlist (emerging),2023,2,129,129
Generative AI & LLMs,Watchlist (emerging),2024,0,84,84
Generative AI & LLMs,Watchlist (emerging),2025,2,97,97
Generative AI & LLMs,Watchlist (emerging),2026,1,86,86
German donors (GFFO/BMZ/GIZ),Donors & funding,2011,0,82,82
German donors (GFFO/BMZ/GIZ),Donors & funding,2012,0,110,110
German donors (GFFO/BMZ/GIZ),Donors & funding,2013,0,132,132
German donors (GFFO/BMZ/GIZ),Donors & funding,2014,0,156,156
German donors (GFFO/BMZ/GIZ),Donors & funding,2015,5,172,173
German donors (GFFO/BMZ/GIZ),Donors & funding,2016,13,256,256
German donors (GFFO/BMZ/GIZ),Donors & funding,2017,9,353,353
German donors (GFFO/BMZ/GIZ),Donors & funding,2018,13,342,342
German donors (GFFO/BMZ/GIZ),Donors & funding,2019,12,486,490
German donors (GFFO/BMZ/GIZ),Donors & funding,2020,17,612,614
German donors (GFFO/BMZ/GIZ),Donors & funding,2021,33,820,825
German donors (GFFO/BMZ/GIZ),Donors & funding,2022,16,719,721
German donors (GFFO/BMZ/GIZ),Donors & funding,2023,14,906,910
German donors (GFFO/BMZ/GIZ),Donors & funding,2024,16,708,709
German donors (GFFO/BMZ/GIZ),Donors & funding,2025,18,497,500
German donors (GFFO/BMZ/GIZ),Donors & funding,2026,17,384,384
Global Fund,Donors & funding,2011,13,184,184
Global Fund,Donors & funding,2012,19,266,266
Global Fund,Donors & funding,2013,18,284,284
Global Fund,Donors & funding,2014,26,309,309
Global Fund,Donors & funding,2015,31,375,376
Global Fund,Donors & funding,2016,42,445,447
Global Fund,Donors & funding,2017,44,444,448
Global Fund,Donors & funding,2018,24,422,423
Global Fund,Donors & funding,2019,18,408,408
Global Fund,Donors & funding,2020,28,339,341
Global Fund,Donors & funding,2021,32,487,487
Global Fund,Donors & funding,2022,32,424,424
Global Fund,Donors & funding,2023,17,249,249
Global Fund,Donors & funding,2024,24,234,234
Global Fund,Donors & funding,2025,3,100,100
Global Fund,Donors & funding,2026,2,28,28
"HIV, TB & malaria",Sectors,2011,117,1095,1095
"HIV, TB & malaria",Sectors,2012,256,2038,2043
"HIV, TB & malaria",Sectors,2013,233,2471,2471
"HIV, TB & malaria",Sectors,2014,278,2371,2371
"HIV, TB & malaria",Sectors,2015,304,2416,2417
"HIV, TB & malaria",Sectors,2016,322,2549,2551
"HIV, TB & malaria",Sectors,2017,345,2716,2719
"HIV, TB & malaria",Sectors,2018,288,2706,2710
"HIV, TB & malaria",Sectors,2019,314,2459,2460
"HIV, TB & malaria",Sectors,2020,278,2041,2042
"HIV, TB & malaria",Sectors,2021,206,2126,2126
"HIV, TB & malaria",Sectors,2022,255,2105,2105
"HIV, TB & malaria",Sectors,2023,156,1587,1590
"HIV, TB & malaria",Sectors,2024,130,1193,1193
"HIV, TB & malaria",Sectors,2025,31,396,396
"HIV, TB & malaria",Sectors,2026,18,206,206
Health,Sectors,2011,406,3195,3198
Health,Sectors,2012,758,6313,6318
Health,Sectors,2013,903,7605,7612
Health,Sectors,2014,962,8203,8214
Health,Sectors,2015,992,9238,9245
Health,Sectors,2016,1146,10151,10172
Health,Sectors,2017,1337,12223,12236
Health,Sectors,2018,1529,13394,13405
Health,Sectors,2019,1385,13557,13577
Health,Sectors,2020,1104,11713,11719
Health,Sectors,2021,1295,14059,14068
Health,Sectors,2022,1399,15080,15133
Health,Sectors,2023,1140,12816,12826
Health,Sectors,2024,895,10330,10339
Health,Sectors,2025,480,5636,5641
Health,Sectors,2026,259,3547,3549
Humanitarian access & civil-military,Policy & approaches,2011,3,36,36
Humanitarian access & civil-military,Policy & approaches,2012,6,114,114
Humanitarian access & civil-military,Policy & approaches,2013,3,105,105
Humanitarian access & civil-military,Policy & approaches,2014,6,137,137
Humanitarian access & civil-military,Policy & approaches,2015,10,187,187
Humanitarian access & civil-military,Policy & approaches,2016,13,205,205
Humanitarian access & civil-military,Policy & approaches,2017,31,350,350
Humanitarian access & civil-military,Policy & approaches,2018,33,365,365
Humanitarian access & civil-military,Policy & approaches,2019,40,457,460
Humanitarian access & civil-military,Policy & approaches,2020,49,453,455
Humanitarian access & civil-military,Policy & approaches,2021,70,690,693
Humanitarian access & civil-military,Policy & approaches,2022,87,738,740
Humanitarian access & civil-military,Policy & approaches,2023,94,717,721
Humanitarian access & civil-military,Policy & approaches,2024,64,560,565
Humanitarian access & civil-military,Policy & approaches,2025,68,389,394
Humanitarian access & civil-military,Policy & approaches,2026,49,346,348
Humanitarian coordination,Functions,2011,7,223,223
Humanitarian coordination,Functions,2012,20,419,421
Humanitarian coordination,Functions,2013,41,572,575
Humanitarian coordination,Functions,2014,58,656,658
Humanitarian coordination,Functions,2015,55,798,798
Humanitarian coordination,Functions,2016,49,710,712
Humanitarian coordination,Functions,2017,90,1016,1021
Humanitarian coordination,Functions,2018,80,1304,1309
Humanitarian coordination,Functions,2019,122,1440,1452
Humanitarian coordination,Functions,2020,72,1151,1159
Humanitarian coordination,Functions,2021,65,1302,1304
Humanitarian coordination,Functions,2022,90,1705,1708
Humanitarian coordination,Functions,2023,65,1412,1416
Humanitarian coordination,Functions,2024,23,1052,1052
Humanitarian coordination,Functions,2025,8,577,577
Humanitarian coordination,Functions,2026,10,494,495
Humanitarian reset,Watchlist (emerging),2021,0,1,1
Humanitarian reset,Watchlist (emerging),2023,0,1,1
Humanitarian reset,Watchlist (emerging),2024,0,1,1
Humanitarian reset,Watchlist (emerging),2025,0,14,14
Humanitarian reset,Watchlist (emerging),2026,0,12,12
IDPs,Populations,2011,4,456,456
IDPs,Populations,2012,7,872,873
IDPs,Populations,2013,9,1049,1049
IDPs,Populations,2014,19,1419,1419
IDPs,Populations,2015,15,1761,1761
IDPs,Populations,2016,9,1991,1991
IDPs,Populations,2017,19,2677,2677
IDPs,Populations,2018,24,2818,2818
IDPs,Populations,2019,13,2601,2601
IDPs,Populations,2020,12,2332,2333
IDPs,Populations,2021,15,2631,2632
IDPs,Populations,2022,8,3244,3244
IDPs,Populations,2023,6,2701,2701
IDPs,Populations,2024,9,1918,1919
IDPs,Populations,2025,6,876,876
IDPs,Populations,2026,4,705,705
Impact evaluation & RCTs,Functions,2011,4,91,93
Impact evaluation & RCTs,Functions,2012,19,239,241
Impact evaluation & RCTs,Functions,2013,34,365,366
Impact evaluation & RCTs,Functions,2014,31,347,350
Impact evaluation & RCTs,Functions,2015,22,393,393
Impact evaluation & RCTs,Functions,2016,28,421,423
Impact evaluation & RCTs,Functions,2017,12,460,460
Impact evaluation & RCTs,Functions,2018,18,457,459
Impact evaluation & RCTs,Functions,2019,16,439,440
Impact evaluation & RCTs,Functions,2020,17,444,445
Impact evaluation & RCTs,Functions,2021,36,522,527
Impact evaluation & RCTs,Functions,2022,20,449,449
Impact evaluation & RCTs,Functions,2023,18,385,388
Impact evaluation & RCTs,Functions,2024,14,336,339
Impact evaluation & RCTs,Functions,2025,6,191,192
Impact evaluation & RCTs,Functions,2026,4,112,112
Information integrity,Digital & data,2011,0,2,2
Information integrity,Digital & data,2012,0,8,8
Information integrity,Digital & data,2013,0,7,7
Information integrity,Digital & data,2014,0,16,16
Information integrity,Digital & data,2015,0,5,5
Information integrity,Digital & data,2016,0,9,9
Information integrity,Digital & data,2017,0,13,13
Information integrity,Digital & data,2018,0,48,48
Information integrity,Digital & data,2019,3,58,58
Information integrity,Digital & data,2020,6,135,135
Information integrity,Digital & data,2021,4,173,173
Information integrity,Digital & data,2022,0,209,209
Information integrity,Digital & data,2023,10,154,155
Information integrity,Digital & data,2024,7,153,153
Information integrity,Digital & data,2025,5,96,96
Information integrity,Digital & data,2026,3,65,65
Interoperability,Digital & data,2011,0,18,18
Interoperability,Digital & data,2012,0,27,27
Interoperability,Digital & data,2013,0,39,39
Interoperability,Digital & data,2014,1,49,49
Interoperability,Digital & data,2015,0,68,68
Interoperability,Digital & data,2016,2,111,111
Interoperability,Digital & data,2017,3,174,174
Interoperability,Digital & data,2018,1,198,198
Interoperability,Digital & data,2019,2,228,228
Interoperability,Digital & data,2020,2,298,298
Interoperability,Digital & data,2021,1,283,283
Interoperability,Digital & data,2022,3,317,317
Interoperability,Digital & data,2023,2,267,268
Interoperability,Digital & data,2024,5,304,304
Interoperability,Digital & data,2025,1,259,259
Interoperability,Digital & data,2026,2,205,205
LGBTQI+,Cross-cutting & inclusion,2011,0,11,11
LGBTQI+,Cross-cutting & inclusion,2012,1,18,18
LGBTQI+,Cross-cutting & inclusion,2013,2,27,27
LGBTQI+,Cross-cutting & inclusion,2014,2,31,31
LGBTQI+,Cross-cutting & inclusion,2015,6,65,65
LGBTQI+,Cross-cutting & inclusion,2016,2,70,70
LGBTQI+,Cross-cutting & inclusion,2017,7,101,101
LGBTQI+,Cross-cutting & inclusion,2018,9,118,118
LGBTQI+,Cross-cutting & inclusion,2019,11,151,151
LGBTQI+,Cross-cutting & inclusion,2020,6,192,193
LGBTQI+,Cross-cutting & inclusion,2021,9,366,366
LGBTQI+,Cross-cutting & inclusion,2022,9,458,458
LGBTQI+,Cross-cutting & inclusion,2023,7,528,528
LGBTQI+,Cross-cutting & inclusion,2024,9,342,342
LGBTQI+,Cross-cutting & inclusion,2025,2,146,146
LGBTQI+,Cross-cutting & inclusion,2026,0,66,66
Livelihoods,Sectors,2011,161,1220,1226
Livelihoods,Sectors,2012,271,2404,2413
Livelihoods,Sectors,2013,238,2698,2707
Livelihoods,Sectors,2014,313,3228,3243
Livelihoods,Sectors,2015,344,3746,3761
Livelihoods,Sectors,2016,401,4180,4199
Livelihoods,Sectors,2017,504,5585,5598
Livelihoods,Sectors,2018,500,5128,5161
Livelihoods,Sectors,2019,444,5011,5038
Livelihoods,Sectors,2020,383,4582,4595
Livelihoods,Sectors,2021,440,5633,5653
Livelihoods,Sectors,2022,491,6125,6172
Livelihoods,Sectors,2023,423,5736,5776
Livelihoods,Sectors,2024,288,4488,4522
Livelihoods,Sectors,2025,136,2579,2584
Livelihoods,Sectors,2026,77,1749,1752
Localisation,Policy & approaches,2011,0,79,79
Localisation,Policy & approaches,2012,6,141,141
Localisation,Policy & approaches,2013,1,210,210
Localisation,Policy & approaches,2014,0,268,268
Localisation,Policy & approaches,2015,0,419,419
Localisation,Policy & approaches,2016,3,498,498
Localisation,Policy & approaches,2017,4,835,836
Localisation,Policy & approaches,2018,12,996,997
Localisation,Policy & approaches,2019,15,1266,1266
Localisation,Policy & approaches,2020,18,1233,1233
Localisation,Policy & approaches,2021,42,1817,1818
Localisation,Policy & approaches,2022,56,2502,2502
Localisation,Policy & approaches,2023,60,2937,2938
Localisation,Policy & approaches,2024,74,2516,2518
Localisation,Policy & approaches,2025,36,1486,1488
Localisation,Policy & approaches,2026,32,1003,1004
Loss & damage / climate finance,Watchlist (emerging),2011,0,12,12
Loss & damage / climate finance,Watchlist (emerging),2012,2,37,37
Loss & damage / climate finance,Watchlist (emerging),2013,9,44,44
Loss & damage / climate finance,Watchlist (emerging),2014,1,20,20
Loss & damage / climate finance,Watchlist (emerging),2015,1,49,49
Loss & damage / climate finance,Watchlist (emerging),2016,3,44,44
Loss & damage / climate finance,Watchlist (emerging),2017,1,35,35
Loss & damage / climate finance,Watchlist (emerging),2018,1,44,44
Loss & damage / climate finance,Watchlist (emerging),2019,3,54,55
Loss & damage / climate finance,Watchlist (emerging),2020,10,88,88
Loss & damage / climate finance,Watchlist (emerging),2021,18,163,163
Loss & damage / climate finance,Watchlist (emerging),2022,23,191,191
Loss & damage / climate finance,Watchlist (emerging),2023,39,242,242
Loss & damage / climate finance,Watchlist (emerging),2024,29,266,266
Loss & damage / climate finance,Watchlist (emerging),2025,20,182,185
Loss & damage / climate finance,Watchlist (emerging),2026,16,105,106
MHPSS,Cross-cutting & inclusion,2011,70,409,411
MHPSS,Cross-cutting & inclusion,2012,93,657,660
MHPSS,Cross-cutting & inclusion,2013,98,829,831
MHPSS,Cross-cutting & inclusion,2014,176,1313,1323
MHPSS,Cross-cutting & inclusion,2015,177,1558,1564
MHPSS,Cross-cutting & inclusion,2016,255,1921,1922
MHPSS,Cross-cutting & inclusion,2017,288,2617,2618
MHPSS,Cross-cutting & inclusion,2018,387,3187,3187
MHPSS,Cross-cutting & inclusion,2019,350,3154,3157
MHPSS,Cross-cutting & inclusion,2020,367,2762,2766
MHPSS,Cross-cutting & inclusion,2021,477,3470,3483
MHPSS,Cross-cutting & inclusion,2022,555,4006,4010
MHPSS,Cross-cutting & inclusion,2023,399,3480,3486
MHPSS,Cross-cutting & inclusion,2024,305,2825,2830
MHPSS,Cross-cutting & inclusion,2025,168,1731,1732
MHPSS,Cross-cutting & inclusion,2026,122,1198,1200
MPCA,Cash & markets,2013,0,2,2
MPCA,Cash & markets,2014,0,12,12
MPCA,Cash & markets,2015,1,26,26
MPCA,Cash & markets,2016,0,52,52
MPCA,Cash & markets,2017,2,100,100
MPCA,Cash & markets,2018,7,193,194
MPCA,Cash & markets,2019,15,281,281
MPCA,Cash & markets,2020,8,221,221
MPCA,Cash & markets,2021,16,287,287
MPCA,Cash & markets,2022,19,745,748
MPCA,Cash & markets,2023,2,518,518
MPCA,Cash & markets,2024,4,361,361
MPCA,Cash & markets,2025,6,154,155
MPCA,Cash & markets,2026,2,118,120
Market-based programming,Cash & markets,2011,2,94,94
Market-based programming,Cash & markets,2012,10,214,214
Market-based programming,Cash & markets,2013,14,339,340
Market-based programming,Cash & markets,2014,21,371,372
Market-based programming,Cash & markets,2015,27,588,589
Market-based programming,Cash & markets,2016,36,796,799
Market-based programming,Cash & markets,2017,90,913,913
Market-based programming,Cash & markets,2018,74,934,935
Market-based programming,Cash & markets,2019,69,1002,1007
Market-based programming,Cash & markets,2020,70,1047,1050
Market-based programming,Cash & markets,2021,115,1437,1447
Market-based programming,Cash & markets,2022,92,1642,1651
Market-based programming,Cash & markets,2023,76,1398,1408
Market-based programming,Cash & markets,2024,76,1224,1228
Market-based programming,Cash & markets,2025,41,650,651
Market-based programming,Cash & markets,2026,28,474,475
Migration,Populations,2011,19,178,178
Migration,Populations,2012,55,508,509
Migration,Populations,2013,51,573,575
Migration,Populations,2014,64,660,661
Migration,Populations,2015,56,837,838
Migration,Populations,2016,185,1685,1687
Migration,Populations,2017,208,2179,2184
Migration,Populations,2018,255,2490,2499
Migration,Populations,2019,304,3248,3251
Migration,Populations,2020,239,2977,2980
Migration,Populations,2021,335,4075,4080
Migration,Populations,2022,310,4415,4416
Migration,Populations,2023,251,3879,3880
Migration,Populations,2024,180,2957,2957
Migration,Populations,2025,77,1333,1335
Migration,Populations,2026,56,926,926
Mine action,Sectors,2011,9,103,103
Mine action,Sectors,2012,27,244,244
Mine action,Sectors,2013,24,286,286
Mine action,Sectors,2014,26,271,271
Mine action,Sectors,2015,31,404,404
Mine action,Sectors,2016,32,625,627
Mine action,Sectors,2017,54,724,726
Mine action,Sectors,2018,55,828,833
Mine action,Sectors,2019,48,771,771
Mine action,Sectors,2020,23,546,546
Mine action,Sectors,2021,47,707,708
Mine action,Sectors,2022,74,732,733
Mine action,Sectors,2023,68,615,615
Mine action,Sectors,2024,59,525,525
Mine action,Sectors,2025,37,312,312
Mine action,Sectors,2026,42,258,258
Mobile data collection,Digital & data,2011,0,6,6
Mobile data collection,Digital & data,2012,0,10,10
Mobile data collection,Digital & data,2013,3,46,46
Mobile data collection,Digital & data,2014,6,57,57
Mobile data collection,Digital & data,2015,5,176,176
Mobile data collection,Digital & data,2016,2,285,285
Mobile data collection,Digital & data,2017,5,486,486
Mobile data collection,Digital & data,2018,5,647,647
Mobile data collection,Digital & data,2019,4,735,735
Mobile data collection,Digital & data,2020,12,829,830
Mobile data collection,Digital & data,2021,12,1090,1090
Mobile data collection,Digital & data,2022,3,1238,1238
Mobile data collection,Digital & data,2023,2,1127,1127
Mobile data collection,Digital & data,2024,1,964,964
Mobile data collection,Digital & data,2025,2,649,649
Mobile data collection,Digital & data,2026,1,587,588
Nexus,Policy & approaches,2011,1,8,8
Nexus,Policy & approaches,2012,0,25,25
Nexus,Policy & approaches,2013,1,43,43
Nexus,Policy & approaches,2014,1,46,47
Nexus,Policy & approaches,2015,0,47,47
Nexus,Policy & approaches,2016,1,72,72
Nexus,Policy & approaches,2017,6,124,124
Nexus,Policy & approaches,2018,4,231,231
Nexus,Policy & approaches,2019,10,394,395
Nexus,Policy & approaches,2020,20,491,492
Nexus,Policy & approaches,2021,21,699,699
Nexus,Policy & approaches,2022,25,989,989
Nexus,Policy & approaches,2023,27,946,946
Nexus,Policy & approaches,2024,18,872,875
Nexus,Policy & approaches,2025,14,464,465
Nexus,Policy & approaches,2026,6,277,277
Nutrition,Sectors,2011,216,1027,1029
Nutrition,Sectors,2012,331,1908,1910
Nutrition,Sectors,2013,439,2401,2405
Nutrition,Sectors,2014,528,2875,2879
Nutrition,Sectors,2015,476,3076,3077
Nutrition,Sectors,2016,490,3375,3378
Nutrition,Sectors,2017,700,4598,4605
Nutrition,Sectors,2018,786,5335,5340
Nutrition,Sectors,2019,698,5153,5154
Nutrition,Sectors,2020,451,4046,4048
Nutrition,Sectors,2021,521,4649,4662
Nutrition,Sectors,2022,569,4827,4843
Nutrition,Sectors,2023,413,4077,4081
Nutrition,Sectors,2024,302,3392,3397
Nutrition,Sectors,2025,153,1666,1667
Nutrition,Sectors,2026,93,1112,1112
Older people,Cross-cutting & inclusion,2011,0,35,35
Older people,Cross-cutting & inclusion,2012,1,73,73
Older people,Cross-cutting & inclusion,2013,9,88,88
Older people,Cross-cutting & inclusion,2014,3,122,122
Older people,Cross-cutting & inclusion,2015,7,165,166
Older people,Cross-cutting & inclusion,2016,3,88,88
Older people,Cross-cutting & inclusion,2017,4,117,117
Older people,Cross-cutting & inclusion,2018,1,137,137
Older people,Cross-cutting & inclusion,2019,7,220,220
Older people,Cross-cutting & inclusion,2020,8,200,200
Older people,Cross-cutting & inclusion,2021,9,207,207
Older people,Cross-cutting & inclusion,2022,5,350,350
Older people,Cross-cutting & inclusion,2023,9,281,281
Older people,Cross-cutting & inclusion,2024,8,158,158
Older people,Cross-cutting & inclusion,2025,6,103,103
Older people,Cross-cutting & inclusion,2026,0,76,76
Other bilateral donors,Donors & funding,2011,5,121,121
Other bilateral donors,Donors & funding,2012,10,223,226
Other bilateral donors,Donors & funding,2013,7,326,326
Other bilateral donors,Donors & funding,2014,5,453,455
Other bilateral donors,Donors & funding,2015,11,481,484
Other bilateral donors,Donors & funding,2016,12,649,652
Other bilateral donors,Donors & funding,2017,13,837,838
Other bilateral donors,Donors & funding,2018,18,1094,1097
Other bilateral donors,Donors & funding,2019,17,1014,1014
Other bilateral donors,Donors & funding,2020,15,850,853
Other bilateral donors,Donors & funding,2021,16,1118,1121
Other bilateral donors,Donors & funding,2022,24,1099,1099
Other bilateral donors,Donors & funding,2023,14,1080,1084
Other bilateral donors,Donors & funding,2024,8,938,939
Other bilateral donors,Donors & funding,2025,6,790,791
Other bilateral donors,Donors & funding,2026,6,391,392
Partnerships & capacity strengthening,Functions,2011,76,2194,2196
Partnerships & capacity strengthening,Functions,2012,163,4433,4450
Partnerships & capacity strengthening,Functions,2013,216,5365,5400
Partnerships & capacity strengthening,Functions,2014,221,6037,6051
Partnerships & capacity strengthening,Functions,2015,228,6899,6923
Partnerships & capacity strengthening,Functions,2016,221,8020,8042
Partnerships & capacity strengthening,Functions,2017,253,9994,10018
Partnerships & capacity strengthening,Functions,2018,290,10864,10892
Partnerships & capacity strengthening,Functions,2019,287,11151,11187
Partnerships & capacity strengthening,Functions,2020,212,9295,9305
Partnerships & capacity strengthening,Functions,2021,269,11292,11313
Partnerships & capacity strengthening,Functions,2022,344,13083,13099
Partnerships & capacity strengthening,Functions,2023,295,11590,11610
Partnerships & capacity strengthening,Functions,2024,318,9644,9679
Partnerships & capacity strengthening,Functions,2025,174,5250,5275
Partnerships & capacity strengthening,Functions,2026,96,3310,3319
Peacebuilding & social cohesion,Policy & approaches,2011,15,419,419
Peacebuilding & social cohesion,Policy & approaches,2012,63,831,837
Peacebuilding & social cohesion,Policy & approaches,2013,50,836,837
Peacebuilding & social cohesion,Policy & approaches,2014,57,1129,1132
Peacebuilding & social cohesion,Policy & approaches,2015,75,1310,1311
Peacebuilding & social cohesion,Policy & approaches,2016,49,1487,1488
Peacebuilding & social cohesion,Policy & approaches,2017,71,1994,1999
Peacebuilding & social cohesion,Policy & approaches,2018,78,2143,2145
Peacebuilding & social cohesion,Policy & approaches,2019,84,2299,2305
Peacebuilding & social cohesion,Policy & approaches,2020,76,2191,2191
Peacebuilding & social cohesion,Policy & approaches,2021,121,2865,2871
Peacebuilding & social cohesion,Policy & approaches,2022,130,2807,2807
Peacebuilding & social cohesion,Policy & approaches,2023,112,2780,2780
Peacebuilding & social cohesion,Policy & approaches,2024,106,2321,2325
Peacebuilding & social cohesion,Policy & approaches,2025,63,1373,1374
Peacebuilding & social cohesion,Policy & approaches,2026,44,907,910
Philanthropy & private sector,Donors & funding,2011,6,254,255
Philanthropy & private sector,Donors & funding,2012,24,534,536
Philanthropy & private sector,Donors & funding,2013,15,691,693
Philanthropy & private sector,Donors & funding,2014,34,899,901
Philanthropy & private sector,Donors & funding,2015,44,1074,1076
Philanthropy & private sector,Donors & funding,2016,49,1215,1220
Philanthropy & private sector,Donors & funding,2017,65,1570,1573
Philanthropy & private sector,Donors & funding,2018,110,1872,1879
Philanthropy & private sector,Donors & funding,2019,135,1718,1726
Philanthropy & private sector,Donors & funding,2020,104,1553,1555
Philanthropy & private sector,Donors & funding,2021,130,2053,2054
Philanthropy & private sector,Donors & funding,2022,156,2292,2294
Philanthropy & private sector,Donors & funding,2023,156,2082,2085
Philanthropy & private sector,Donors & funding,2024,97,1674,1676
Philanthropy & private sector,Donors & funding,2025,81,915,916
Philanthropy & private sector,Donors & funding,2026,48,580,581
Pooled funds,Donors & funding,2011,0,38,38
Pooled funds,Donors & funding,2012,3,79,79
Pooled funds,Donors & funding,2013,6,123,123
Pooled funds,Donors & funding,2014,19,174,174
Pooled funds,Donors & funding,2015,35,204,205
Pooled funds,Donors & funding,2016,25,231,231
Pooled funds,Donors & funding,2017,11,252,252
Pooled funds,Donors & funding,2018,62,391,395
Pooled funds,Donors & funding,2019,54,352,357
Pooled funds,Donors & funding,2020,26,334,335
Pooled funds,Donors & funding,2021,32,421,422
Pooled funds,Donors & funding,2022,40,502,502
Pooled funds,Donors & funding,2023,45,393,394
Pooled funds,Donors & funding,2024,23,265,265
Pooled funds,Donors & funding,2025,9,116,116
Pooled funds,Donors & funding,2026,6,119,119
Protection (general),Sectors,2011,87,1177,1177
Protection (general),Sectors,2012,234,2237,2241
Protection (general),Sectors,2013,246,2639,2648
Protection (general),Sectors,2014,328,3513,3525
Protection (general),Sectors,2015,412,4125,4130
Protection (general),Sectors,2016,523,5147,5159
Protection (general),Sectors,2017,658,7198,7205
Protection (general),Sectors,2018,949,8468,8494
Protection (general),Sectors,2019,1006,9263,9281
Protection (general),Sectors,2020,781,7943,7954
Protection (general),Sectors,2021,907,9726,9751
Protection (general),Sectors,2022,1181,11202,11252
Protection (general),Sectors,2023,863,9501,9514
Protection (general),Sectors,2024,569,7369,7393
Protection (general),Sectors,2025,300,4238,4247
Protection (general),Sectors,2026,254,3160,3165
Quality standards (CHS/Sphere),Policy & approaches,2011,0,141,141
Quality standards (CHS/Sphere),Policy & approaches,2012,1,210,210
Quality standards (CHS/Sphere),Policy & approaches,2013,0,330,330
Quality standards (CHS/Sphere),Policy & approaches,2014,2,364,364
Quality standards (CHS/Sphere),Policy & approaches,2015,6,443,443
Quality standards (CHS/Sphere),Policy & approaches,2016,13,560,561
Quality standards (CHS/Sphere),Policy & approaches,2017,5,787,787
Quality standards (CHS/Sphere),Policy & approaches,2018,12,910,910
Quality standards (CHS/Sphere),Policy & approaches,2019,8,875,875
Quality standards (CHS/Sphere),Policy & approaches,2020,5,743,743
Quality standards (CHS/Sphere),Policy & approaches,2021,4,977,977
Quality standards (CHS/Sphere),Policy & approaches,2022,3,1288,1288
Quality standards (CHS/Sphere),Policy & approaches,2023,0,978,978
Quality standards (CHS/Sphere),Policy & approaches,2024,8,785,785
Quality standards (CHS/Sphere),Policy & approaches,2025,2,433,433
Quality standards (CHS/Sphere),Policy & approaches,2026,2,338,338
Refugees,Populations,2011,30,762,762
Refugees,Populations,2012,46,1713,1715
Refugees,Populations,2013,45,2140,2143
Refugees,Populations,2014,91,2671,2675
Refugees,Populations,2015,117,3191,3194
Refugees,Populations,2016,131,4222,4230
Refugees,Populations,2017,150,5112,5119
Refugees,Populations,2018,187,5332,5343
Refugees,Populations,2019,177,5789,5798
Refugees,Populations,2020,141,4988,5009
Refugees,Populations,2021,149,6009,6026
Refugees,Populations,2022,244,8467,8497
Refugees,Populations,2023,193,7354,7359
Refugees,Populations,2024,142,5274,5276
Refugees,Populations,2025,74,2625,2626
Refugees,Populations,2026,37,1878,1879
Registration & beneficiary data systems,Digital & data,2011,0,32,32
Registration & beneficiary data systems,Digital & data,2012,0,62,62
Registration & beneficiary data systems,Digital & data,2013,4,110,110
Registration & beneficiary data systems,Digital & data,2014,2,141,141
Registration & beneficiary data systems,Digital & data,2015,10,158,158
Registration & beneficiary data systems,Digital & data,2016,8,203,203
Registration & beneficiary data systems,Digital & data,2017,7,318,319
Registration & beneficiary data systems,Digital & data,2018,13,374,374
Registration & beneficiary data systems,Digital & data,2019,19,379,380
Registration & beneficiary data systems,Digital & data,2020,10,472,472
Registration & beneficiary data systems,Digital & data,2021,6,490,490
Registration & beneficiary data systems,Digital & data,2022,13,577,578
Registration & beneficiary data systems,Digital & data,2023,3,418,418
Registration & beneficiary data systems,Digital & data,2024,1,332,332
Registration & beneficiary data systems,Digital & data,2025,3,220,220
Registration & beneficiary data systems,Digital & data,2026,0,134,134
Resilience,Policy & approaches,2011,11,302,303
Resilience,Policy & approaches,2012,60,762,763
Resilience,Policy & approaches,2013,107,1256,1258
Resilience,Policy & approaches,2014,115,1502,1513
Resilience,Policy & approaches,2015,158,2067,2074
Resilience,Policy & approaches,2016,144,2802,2808
Resilience,Policy & approaches,2017,202,3758,3783
Resilience,Policy & approaches,2018,254,4085,4095
Resilience,Policy & approaches,2019,205,4367,4379
Resilience,Policy & approaches,2020,228,4347,4355
Resilience,Policy & approaches,2021,306,5500,5506
Resilience,Policy & approaches,2022,321,6109,6120
Resilience,Policy & approaches,2023,324,6019,6029
Resilience,Policy & approaches,2024,370,5601,5609
Resilience,Policy & approaches,2025,154,3570,3575
Resilience,Policy & approaches,2026,57,2226,2228
Risk financing & insurance,Policy & approaches,2011,1,12,12
Risk financing & insurance,Policy & approaches,2012,0,10,10
Risk financing & insurance,Policy & approaches,2013,3,25,25
Risk financing & insurance,Policy & approaches,2014,2,13,13
Risk financing & insurance,Policy & approaches,2015,0,24,24
Risk financing & insurance,Policy & approaches,2016,0,59,59
Risk financing & insurance,Policy & approaches,2017,2,49,49
Risk financing & insurance,Policy & approaches,2018,2,44,44
Risk financing & insurance,Policy & approaches,2019,4,45,45
Risk financing & insurance,Policy & approaches,2020,5,50,50
Risk financing & insurance,Policy & approaches,2021,17,81,81
Risk financing & insurance,Policy & approaches,2022,10,98,98
Risk financing & insurance,Policy & approaches,2023,13,116,116
Risk financing & insurance,Policy & approaches,2024,6,84,84
Risk financing & insurance,Policy & approaches,2025,2,31,31
Risk financing & insurance,Policy & approaches,2026,2,25,25
SRHR,Sectors,2011,54,597,597
SRHR,Sectors,2012,160,1288,1294
SRHR,Sectors,2013,188,1632,1641
SRHR,Sectors,2014,159,1574,1580
SRHR,Sectors,2015,165,1815,1824
SRHR,Sectors,2016,166,2016,2019
SRHR,Sectors,2017,225,2313,2320
SRHR,Sectors,2018,219,2644,2648
SRHR,Sectors,2019,177,2521,2527
SRHR,Sectors,2020,124,1944,1956
SRHR,Sectors,2021,124,2175,2184
SRHR,Sectors,2022,154,2141,2148
SRHR,Sectors,2023,152,1918,1924
SRHR,Sectors,2024,106,1675,1678
SRHR,Sectors,2025,59,826,833
SRHR,Sectors,2026,15,461,461
Safeguarding & PSEA,Cross-cutting & inclusion,2011,2,132,132
Safeguarding & PSEA,Cross-cutting & inclusion,2012,11,228,230
Safeguarding & PSEA,Cross-cutting & inclusion,2013,9,369,370
Safeguarding & PSEA,Cross-cutting & inclusion,2014,15,451,451
Safeguarding & PSEA,Cross-cutting & inclusion,2015,16,653,654
Safeguarding & PSEA,Cross-cutting & inclusion,2016,28,836,837
Safeguarding & PSEA,Cross-cutting & inclusion,2017,23,1123,1123
Safeguarding & PSEA,Cross-cutting & inclusion,2018,106,1929,1929
Safeguarding & PSEA,Cross-cutting & inclusion,2019,148,2671,2673
Safeguarding & PSEA,Cross-cutting & inclusion,2020,156,2814,2817
Safeguarding & PSEA,Cross-cutting & inclusion,2021,202,3902,3905
Safeguarding & PSEA,Cross-cutting & inclusion,2022,306,5252,5257
Safeguarding & PSEA,Cross-cutting & inclusion,2023,204,4813,4816
Safeguarding & PSEA,Cross-cutting & inclusion,2024,153,4110,4121
Safeguarding & PSEA,Cross-cutting & inclusion,2025,91,2937,2940
Safeguarding & PSEA,Cross-cutting & inclusion,2026,75,2673,2677
Security management,Functions,2011,49,553,558
Security management,Functions,2012,128,1000,1009
Security management,Functions,2013,139,1113,1121
Security management,Functions,2014,204,1241,1250
Security management,Functions,2015,262,1481,1500
Security management,Functions,2016,229,1580,1591
Security management,Functions,2017,287,2294,2306
Security management,Functions,2018,206,2098,2109
Security management,Functions,2019,238,2271,2278
Security management,Functions,2020,232,1846,1856
Security management,Functions,2021,248,2363,2374
Security management,Functions,2022,337,3026,3037
Security management,Functions,2023,355,2600,2607
Security management,Functions,2024,281,2116,2120
Security management,Functions,2025,126,1046,1051
Security management,Functions,2026,88,730,731
Shelter & NFI,Sectors,2011,43,542,543
Shelter & NFI,Sectors,2012,95,936,936
Shelter & NFI,Sectors,2013,129,1125,1126
Shelter & NFI,Sectors,2014,192,1603,1605
Shelter & NFI,Sectors,2015,233,1889,1898
Shelter & NFI,Sectors,2016,219,2257,2258
Shelter & NFI,Sectors,2017,207,2821,2824
Shelter & NFI,Sectors,2018,249,2833,2840
Shelter & NFI,Sectors,2019,229,2888,2894
Shelter & NFI,Sectors,2020,207,2481,2484
Shelter & NFI,Sectors,2021,192,2767,2769
Shelter & NFI,Sectors,2022,260,3724,3732
Shelter & NFI,Sectors,2023,287,3573,3601
Shelter & NFI,Sectors,2024,191,2465,2486
Shelter & NFI,Sectors,2025,80,1126,1127
Shelter & NFI,Sectors,2026,100,990,995
Social protection,Policy & approaches,2011,9,126,127
Social protection,Policy & approaches,2012,32,293,296
Social protection,Policy & approaches,2013,35,351,353
Social protection,Policy & approaches,2014,47,470,474
Social protection,Policy & approaches,2015,61,506,506
Social protection,Policy & approaches,2016,65,595,596
Social protection,Policy & approaches,2017,89,813,817
Social protection,Policy & approaches,2018,81,933,936
Social protection,Policy & approaches,2019,104,1011,1014
Social protection,Policy & approaches,2020,93,757,760
Social protection,Policy & approaches,2021,69,890,890
Social protection,Policy & approaches,2022,64,965,966
Social protection,Policy & approaches,2023,47,871,873
Social protection,Policy & approaches,2024,41,681,682
Social protection,Policy & approaches,2025,21,392,392
Social protection,Policy & approaches,2026,13,212,212
Stablecoins & digital assets,Watchlist (emerging),2012,0,4,4
Stablecoins & digital assets,Watchlist (emerging),2013,1,7,7
Stablecoins & digital assets,Watchlist (emerging),2014,0,4,4
Stablecoins & digital assets,Watchlist (emerging),2015,1,26,26
Stablecoins & digital assets,Watchlist (emerging),2016,0,17,17
Stablecoins & digital assets,Watchlist (emerging),2017,2,27,28
Stablecoins & digital assets,Watchlist (emerging),2018,4,34,34
Stablecoins & digital assets,Watchlist (emerging),2019,0,38,38
Stablecoins & digital assets,Watchlist (emerging),2020,2,46,46
Stablecoins & digital assets,Watchlist (emerging),2021,2,45,45
Stablecoins & digital assets,Watchlist (emerging),2022,1,84,84
Stablecoins & digital assets,Watchlist (emerging),2023,0,60,60
Stablecoins & digital assets,Watchlist (emerging),2024,4,41,41
Stablecoins & digital assets,Watchlist (emerging),2025,4,50,50
Stablecoins & digital assets,Watchlist (emerging),2026,0,38,38
Statelessness,Populations,2011,1,7,7
Statelessness,Populations,2012,5,48,48
Statelessness,Populations,2013,3,38,38
Statelessness,Populations,2014,5,47,49
Statelessness,Populations,2015,4,65,65
Statelessness,Populations,2016,5,57,57
Statelessness,Populations,2017,9,102,102
Statelessness,Populations,2018,10,119,119
Statelessness,Populations,2019,5,181,181
Statelessness,Populations,2020,11,281,281
Statelessness,Populations,2021,8,282,282
Statelessness,Populations,2022,4,322,322
Statelessness,Populations,2023,1,205,205
Statelessness,Populations,2024,3,129,129
Statelessness,Populations,2025,0,35,35
Statelessness,Populations,2026,0,17,17
Third-party & remote monitoring,Functions,2011,1,50,50
Third-party & remote monitoring,Functions,2012,1,91,91
Third-party & remote monitoring,Functions,2013,8,181,182
Third-party & remote monitoring,Functions,2014,14,203,203
Third-party & remote monitoring,Functions,2015,14,348,351
Third-party & remote monitoring,Functions,2016,13,550,550
Third-party & remote monitoring,Functions,2017,21,720,721
Third-party & remote monitoring,Functions,2018,20,791,791
Third-party & remote monitoring,Functions,2019,30,804,805
Third-party & remote monitoring,Functions,2020,47,819,822
Third-party & remote monitoring,Functions,2021,49,965,965
Third-party & remote monitoring,Functions,2022,36,959,959
Third-party & remote monitoring,Functions,2023,50,872,872
Third-party & remote monitoring,Functions,2024,47,724,727
Third-party & remote monitoring,Functions,2025,29,441,441
Third-party & remote monitoring,Functions,2026,9,307,307
Trafficking,Populations,2011,14,84,84
Trafficking,Populations,2012,23,186,186
Trafficking,Populations,2013,22,218,218
Trafficking,Populations,2014,30,230,230
Trafficking,Populations,2015,26,260,260
Trafficking,Populations,2016,41,390,391
Trafficking,Populations,2017,46,521,522
Trafficking,Populations,2018,69,699,699
Trafficking,Populations,2019,54,790,791
Trafficking,Populations,2020,56,679,679
Trafficking,Populations,2021,61,825,825
Trafficking,Populations,2022,47,1024,1024
Trafficking,Populations,2023,59,1041,1041
Trafficking,Populations,2024,36,765,765
Trafficking,Populations,2025,30,323,323
Trafficking,Populations,2026,7,256,256
US State Dept / PRM,Donors & funding,2011,0,120,120
US State Dept / PRM,Donors & funding,2012,4,274,274
US State Dept / PRM,Donors & funding,2013,1,291,291
US State Dept / PRM,Donors & funding,2014,4,406,406
US State Dept / PRM,Donors & funding,2015,2,532,532
US State Dept / PRM,Donors & funding,2016,7,595,595
US State Dept / PRM,Donors & funding,2017,9,618,619
US State Dept / PRM,Donors & funding,2018,5,712,712
US State Dept / PRM,Donors & funding,2019,9,788,788
US State Dept / PRM,Donors & funding,2020,13,657,658
US State Dept / PRM,Donors & funding,2021,8,982,983
US State Dept / PRM,Donors & funding,2022,1,1129,1129
US State Dept / PRM,Donors & funding,2023,12,990,990
US State Dept / PRM,Donors & funding,2024,9,727,727
US State Dept / PRM,Donors & funding,2025,4,177,177
US State Dept / PRM,Donors & funding,2026,1,133,133
USAID,Donors & funding,2011,56,1602,1603
USAID,Donors & funding,2012,65,3261,3262
USAID,Donors & funding,2013,149,4051,4056
USAID,Donors & funding,2014,250,4249,4253
USAID,Donors & funding,2015,287,5317,5317
USAID,Donors & funding,2016,307,5449,5450
USAID,Donors & funding,2017,362,5877,5886
USAID,Donors & funding,2018,382,5603,5615
USAID,Donors & funding,2019,460,5887,5890
USAID,Donors & funding,2020,468,5684,5691
USAID,Donors & funding,2021,495,6466,6473
USAID,Donors & funding,2022,544,6017,6029
USAID,Donors & funding,2023,543,5272,5283
USAID,Donors & funding,2024,561,4845,4867
USAID,Donors & funding,2025,36,745,745
USAID,Donors & funding,2026,1,196,196
USAID BHA / OFDA / FFP,Donors & funding,2011,11,207,208
USAID BHA / OFDA / FFP,Donors & funding,2012,34,348,349
USAID BHA / OFDA / FFP,Donors & funding,2013,36,511,512
USAID BHA / OFDA / FFP,Donors & funding,2014,27,573,576
USAID BHA / OFDA / FFP,Donors & funding,2015,13,880,881
USAID BHA / OFDA / FFP,Donors & funding,2016,26,1076,1076
USAID BHA / OFDA / FFP,Donors & funding,2017,71,1361,1367
USAID BHA / OFDA / FFP,Donors & funding,2018,54,1566,1569
USAID BHA / OFDA / FFP,Donors & funding,2019,73,1929,1937
USAID BHA / OFDA / FFP,Donors & funding,2020,58,1654,1661
USAID BHA / OFDA / FFP,Donors & funding,2021,65,2172,2181
USAID BHA / OFDA / FFP,Donors & funding,2022,43,2135,2144
USAID BHA / OFDA / FFP,Donors & funding,2023,41,1855,1857
USAID BHA / OFDA / FFP,Donors & funding,2024,42,1565,1568
USAID BHA / OFDA / FFP,Donors & funding,2025,4,510,510
USAID BHA / OFDA / FFP,Donors & funding,2026,1,187,187
Urban response,Policy & approaches,2011,1,37,37
Urban response,Policy & approaches,2012,1,76,76
Urban response,Policy & approaches,2013,4,128,128
Urban response,Policy & approaches,2014,8,175,175
Urban response,Policy & approaches,2015,10,205,205
Urban response,Policy & approaches,2016,12,221,221
Urban response,Policy & approaches,2017,22,306,308
Urban response,Policy & approaches,2018,12,295,295
Urban response,Policy & approaches,2019,13,275,275
Urban response,Policy & approaches,2020,9,290,291
Urban response,Policy & approaches,2021,12,296,297
Urban response,Policy & approaches,2022,10,253,253
Urban response,Policy & approaches,2023,3,201,201
Urban response,Policy & approaches,2024,17,164,164
Urban response,Policy & approaches,2025,5,115,115
Urban response,Policy & approaches,2026,0,56,56
Value chains & enterprise,Cash & markets,2011,20,324,324
Value chains & enterprise,Cash & markets,2012,71,664,666
Value chains & enterprise,Cash & markets,2013,85,933,934
Value chains & enterprise,Cash & markets,2014,87,913,915
Value chains & enterprise,Cash & markets,2015,116,1256,1260
Value chains & enterprise,Cash & markets,2016,95,1518,1521
Value chains & enterprise,Cash & markets,2017,154,1799,1803
Value chains & enterprise,Cash & markets,2018,127,1682,1686
Value chains & enterprise,Cash & markets,2019,117,1781,1784
Value chains & enterprise,Cash & markets,2020,96,1647,1651
Value chains & enterprise,Cash & markets,2021,147,2164,2166
Value chains & enterprise,Cash & markets,2022,139,2219,2225
Value chains & enterprise,Cash & markets,2023,124,1933,1934
Value chains & enterprise,Cash & markets,2024,97,1746,1747
Value chains & enterprise,Cash & markets,2025,80,1046,1047
Value chains & enterprise,Cash & markets,2026,49,638,638
WASH,Sectors,2011,182,1102,1105
WASH,Sectors,2012,357,2182,2189
WASH,Sectors,2013,519,2618,2631
WASH,Sectors,2014,618,3300,3307
WASH,Sectors,2015,704,3811,3830
WASH,Sectors,2016,639,4016,4028
WASH,Sectors,2017,777,5178,5204
WASH,Sectors,2018,652,5228,5272
WASH,Sectors,2019,608,5226,5243
WASH,Sectors,2020,552,4255,4276
WASH,Sectors,2021,631,4999,5004
WASH,Sectors,2022,686,5661,5679
WASH,Sectors,2023,675,5210,5271
WASH,Sectors,2024,433,4009,4030
WASH,Sectors,2025,212,2084,2091
WASH,Sectors,2026,172,1479,1483
World Bank & MDBs,Donors & funding,2011,1,241,241
World Bank & MDBs,Donors & funding,2012,2,478,479
World Bank & MDBs,Donors & funding,2013,4,526,526
World Bank & MDBs,Donors & funding,2014,5,583,583
World Bank & MDBs,Donors & funding,2015,12,569,570
World Bank & MDBs,Donors & funding,2016,5,562,564
World Bank & MDBs,Donors & funding,2017,7,590,590
World Bank & MDBs,Donors & funding,2018,8,716,716
World Bank & MDBs,Donors & funding,2019,12,915,915
World Bank & MDBs,Donors & funding,2020,15,865,866
World Bank & MDBs,Donors & funding,2021,7,959,960
World Bank & MDBs,Donors & funding,2022,7,767,767
World Bank & MDBs,Donors & funding,2023,7,764,764
World Bank & MDBs,Donors & funding,2024,17,653,653
World Bank & MDBs,Donors & funding,2025,7,506,506
World Bank & MDBs,Donors & funding,2026,2,220,220
Youth & adolescents,Cross-cutting & inclusion,2011,70,573,574
Youth & adolescents,Cross-cutting & inclusion,2012,112,1215,1219
Youth & adolescents,Cross-cutting & inclusion,2013,192,1685,1689
Youth & adolescents,Cross-cutting & inclusion,2014,160,1958,1961
Youth & adolescents,Cross-cutting & inclusion,2015,226,2454,2456
Youth & adolescents,Cross-cutting & inclusion,2016,287,2886,2890
Youth & adolescents,Cross-cutting & inclusion,2017,379,3978,3987
Youth & adolescents,Cross-cutting & inclusion,2018,437,4429,4436
Youth & adolescents,Cross-cutting & inclusion,2019,453,5009,5022
Youth & adolescents,Cross-cutting & inclusion,2020,344,4292,4298
Youth & adolescents,Cross-cutting & inclusion,2021,338,5001,5006
Youth & adolescents,Cross-cutting & inclusion,2022,432,5779,5789
Youth & adolescents,Cross-cutting & inclusion,2023,375,4756,4763
Youth & adolescents,Cross-cutting & inclusion,2024,301,4043,4048
Youth & adolescents,Cross-cutting & inclusion,2025,155,2221,2223
Youth & adolescents,Cross-cutting & inclusion,2026,86,1447,1450
